端末推定,from_time,to_time,from_generation,to_generation,from_blob_kind,to_blob_kind,from_sqlite_open,to_sqlite_open,same_size,same_sha256_full,same_header,size_delta,transition
iPhone15 Pro,2026-01-19 13:33:50,2026-01-20 13:35:45,H:\Manifest\Friend_Device\iPhone15 Pro\00008130-000C2CA92181001C\Internet_Cafe\2026-01-19-133350  no\Workspace,H:\Manifest\Friend_Device\iPhone15 Pro\00008130-000C2CA92181001C\Internet_Cafe\2026-01-20-133545  00_ff\Workspace,OPAQUE_HIGH_ENTROPY,OPAQUE_HIGH_ENTROPY,NO,NO,NO,NO,NO,716800,OPAQUE_HIGH_ENTROPY->OPAQUE_HIGH_ENTROPY
Friend,2026-01-16 00:00:00,2026-01-16 00:00:00,H:\Manifest\Friend_Device\iPhone6 Plus\10177d45c1f7582e34796f23474bffc9cf5f7359\2026-01-16\Internet_Cafe\- 2026-01-16  (00_e9-00_ff),H:\Manifest\Friend_Device\iPhone6 Plus\10177d45c1f7582e34796f23474bffc9cf5f7359\2026-01-16\Internet_Cafe\- 2026-01-16-164631  00_e9 -,OPAQUE_HIGH_ENTROPY,OPAQUE_HIGH_ENTROPY,NO,NO,YES,YES,YES,0,OPAQUE_HIGH_ENTROPY->OPAQUE_HIGH_ENTROPY
Friend,2026-01-16 00:00:00,2026-01-16 00:00:00,H:\Manifest\Friend_Device\iPhone6 Plus\10177d45c1f7582e34796f23474bffc9cf5f7359\2026-01-16\Internet_Cafe\- 2026-01-16-164631  00_e9 -,H:\Manifest\Friend_Device\iPhone6 Plus\10177d45c1f7582e34796f23474bffc9cf5f7359\2026-01-16\Internet_Cafe\2026-01-16-155346  00_ff,OPAQUE_HIGH_ENTROPY,OPAQUE_HIGH_ENTROPY,NO,NO,NO,NO,NO,-401408,OPAQUE_HIGH_ENTROPY->OPAQUE_HIGH_ENTROPY
Friend,2026-01-16 00:00:00,2026-01-16 00:00:00,H:\Manifest\Friend_Device\iPhone6 Plus\10177d45c1f7582e34796f23474bffc9cf5f7359\2026-01-16\Internet_Cafe\2026-01-16-155346  00_ff,H:\Manifest\Friend_Device\iPhone6 Plus\10177d45c1f7582e34796f23474bffc9cf5f7359\2026-01-16\Internet_Cafe\2026-01-16-164016  00_fa,OPAQUE_HIGH_ENTROPY,OPAQUE_HIGH_ENTROPY,NO,NO,NO,NO,NO,401408,OPAQUE_HIGH_ENTROPY->OPAQUE_HIGH_ENTROPY
Friend,2026-01-16 00:00:00,2026-01-17 00:00:00,H:\Manifest\Friend_Device\iPhone6 Plus\10177d45c1f7582e34796f23474bffc9cf5f7359\2026-01-16\Internet_Cafe\2026-01-16-164016  00_fa,H:\Manifest\Friend_Device\iPhone6 Plus\10177d45c1f7582e34796f23474bffc9cf5f7359\2026-01-17\My_PC\- 2026-01-17  (00_fa-00_ff) -,OPAQUE_HIGH_ENTROPY,OPAQUE_HIGH_ENTROPY,NO,NO,NO,NO,NO,-4096,OPAQUE_HIGH_ENTROPY->OPAQUE_HIGH_ENTROPY
Friend,2026-01-17 00:00:00,2026-01-17 00:00:00,H:\Manifest\Friend_Device\iPhone6 Plus\10177d45c1f7582e34796f23474bffc9cf5f7359\2026-01-17\My_PC\- 2026-01-17  (00_fa-00_ff) -,H:\Manifest\Friend_Device\iPhone6 Plus\10177d45c1f7582e34796f23474bffc9cf5f7359\2026-01-17\My_PC\- 2026-01-17-005317  00_fa -,OPAQUE_HIGH_ENTROPY,OPAQUE_HIGH_ENTROPY,NO,NO,YES,YES,YES,0,OPAQUE_HIGH_ENTROPY->OPAQUE_HIGH_ENTROPY
Friend,2026-01-17 00:00:00,2026-01-17 00:00:00,H:\Manifest\Friend_Device\iPhone6 Plus\10177d45c1f7582e34796f23474bffc9cf5f7359\2026-01-17\My_PC\- 2026-01-17-005317  00_fa -,H:\Manifest\Friend_Device\iPhone6 Plus\10177d45c1f7582e34796f23474bffc9cf5f7359\2026-01-17\My_PC\2026-01-17-000353  00_ff,OPAQUE_HIGH_ENTROPY,OPAQUE_HIGH_ENTROPY,NO,NO,NO,NO,NO,-389120,OPAQUE_HIGH_ENTROPY->OPAQUE_HIGH_ENTROPY
Friend,2026-01-17 00:00:00,2026-01-17 00:00:00,H:\Manifest\Friend_Device\iPhone6 Plus\10177d45c1f7582e34796f23474bffc9cf5f7359\2026-01-17\My_PC\2026-01-17-000353  00_ff,H:\Manifest\Friend_Device\iPhone6 Plus\10177d45c1f7582e34796f23474bffc9cf5f7359\2026-01-17\My_PC\2026-01-17-000824  00_e9,OPAQUE_HIGH_ENTROPY,OPAQUE_HIGH_ENTROPY,NO,NO,NO,NO,NO,401408,OPAQUE_HIGH_ENTROPY->OPAQUE_HIGH_ENTROPY
Friend,2026-01-17 00:00:00,2026-01-21 00:00:00,H:\Manifest\Friend_Device\iPhone6 Plus\10177d45c1f7582e34796f23474bffc9cf5f7359\2026-01-17\My_PC\2026-01-17-000824  00_e9,H:\Manifest\Friend_Device\iPhone6 Plus\10177d45c1f7582e34796f23474bffc9cf5f7359\2026-01-21\My_PC\- 2026-01-21  (00_e9-00_ff) -,OPAQUE_HIGH_ENTROPY,OPAQUE_HIGH_ENTROPY,NO,NO,NO,NO,NO,-8192,OPAQUE_HIGH_ENTROPY->OPAQUE_HIGH_ENTROPY
Friend,2026-01-21 00:00:00,2026-01-21 00:00:00,H:\Manifest\Friend_Device\iPhone6 Plus\10177d45c1f7582e34796f23474bffc9cf5f7359\2026-01-21\My_PC\- 2026-01-21  (00_e9-00_ff) -,H:\Manifest\Friend_Device\iPhone6 Plus\10177d45c1f7582e34796f23474bffc9cf5f7359\2026-01-21\My_PC\- 2026-01-21-170058  00_e9 -,OPAQUE_HIGH_ENTROPY,OPAQUE_HIGH_ENTROPY,NO,NO,YES,YES,YES,0,OPAQUE_HIGH_ENTROPY->OPAQUE_HIGH_ENTROPY
Friend,2026-01-21 00:00:00,2026-01-21 00:00:00,H:\Manifest\Friend_Device\iPhone6 Plus\10177d45c1f7582e34796f23474bffc9cf5f7359\2026-01-21\My_PC\- 2026-01-21-170058  00_e9 -,H:\Manifest\Friend_Device\iPhone6 Plus\10177d45c1f7582e34796f23474bffc9cf5f7359\2026-01-21\My_PC\2026-01-21-163140  00_ff,OPAQUE_HIGH_ENTROPY,OPAQUE_HIGH_ENTROPY,NO,NO,NO,NO,NO,-389120,OPAQUE_HIGH_ENTROPY->OPAQUE_HIGH_ENTROPY
Friend,2026-01-21 00:00:00,2026-01-21 00:00:00,H:\Manifest\Friend_Device\iPhone6 Plus\10177d45c1f7582e34796f23474bffc9cf5f7359\2026-01-21\My_PC\2026-01-21-163140  00_ff,H:\Manifest\Friend_Device\iPhone6 Plus\10177d45c1f7582e34796f23474bffc9cf5f7359\2026-01-21\My_PC\2026-01-21-165931  00_fa,OPAQUE_HIGH_ENTROPY,OPAQUE_HIGH_ENTROPY,NO,NO,NO,NO,NO,385024,OPAQUE_HIGH_ENTROPY->OPAQUE_HIGH_ENTROPY
Friend,2026-01-21 00:00:00,2026-01-29 00:00:00,H:\Manifest\Friend_Device\iPhone6 Plus\10177d45c1f7582e34796f23474bffc9cf5f7359\2026-01-21\My_PC\2026-01-21-165931  00_fa,H:\Manifest\Friend_Device\iPhone12 Pro Max\00008101-000A281C14B9003A\My_PC\2026-01-29,OPAQUE_HIGH_ENTROPY,OPAQUE_HIGH_ENTROPY,NO,NO,NO,NO,NO,376672256,OPAQUE_HIGH_ENTROPY->OPAQUE_HIGH_ENTROPY
iPhone13,2025-12-19 00:00:00,2025-12-20 15:27:13,H:\Manifest\Friend_Device\iPhone13\My_PC\00008110-001A7D222E33601E\- 2025-12-19_1  (01_fe-00_ff) -,H:\Manifest\Friend_Device\iPhone13\My_PC\00008110-001A7D222E33601E\2025-12-20-152713  00_ff,OPAQUE_HIGH_ENTROPY,OPAQUE_HIGH_ENTROPY,NO,NO,NO,NO,NO,-5808128,OPAQUE_HIGH_ENTROPY->OPAQUE_HIGH_ENTROPY
iPhone13,2025-12-20 15:27:13,2025-12-20 17:03:51,H:\Manifest\Friend_Device\iPhone13\My_PC\00008110-001A7D222E33601E\2025-12-20-152713  00_ff,H:\Manifest\Friend_Device\iPhone13\My_PC\00008110-001A7D222E33601E\2025-12-20-170351  00_fe,OPAQUE_HIGH_ENTROPY,OPAQUE_HIGH_ENTROPY,NO,NO,NO,NO,NO,6238208,OPAQUE_HIGH_ENTROPY->OPAQUE_HIGH_ENTROPY
iPhone13,2025-12-20 17:03:51,2025-12-20 17:28:21,H:\Manifest\Friend_Device\iPhone13\My_PC\00008110-001A7D222E33601E\2025-12-20-170351  00_fe,H:\Manifest\Friend_Device\iPhone13\My_PC\00008110-001A7D222E33601E\- 2025-12-20-172821  01_fe -,OPAQUE_HIGH_ENTROPY,OPAQUE_HIGH_ENTROPY,NO,NO,NO,NO,NO,-430080,OPAQUE_HIGH_ENTROPY->OPAQUE_HIGH_ENTROPY
12G,2025-12-30 00:00:00,2025-12-31 00:00:00,H:\Manifest\My_Device\12G\00008101-0010145911E0001E\2025-12-30\2025-12-30-154642  00_ff,H:\Manifest\My_Device\12G\00008101-0010145911E0001E\2025-12-31\- 2025-12-31  (0c_fa-00_ff) -,OPAQUE_HIGH_ENTROPY,OPAQUE_HIGH_ENTROPY,NO,NO,NO,NO,NO,-2949120,OPAQUE_HIGH_ENTROPY->OPAQUE_HIGH_ENTROPY
12G,2025-12-31 00:00:00,2025-12-31 00:00:00,H:\Manifest\My_Device\12G\00008101-0010145911E0001E\2025-12-31\- 2025-12-31  (0c_fa-00_ff) -,H:\Manifest\My_Device\12G\00008101-0010145911E0001E\2025-12-31\- 2025-12-31-075308  0c_fa -,OPAQUE_HIGH_ENTROPY,OPAQUE_HIGH_ENTROPY,NO,NO,YES,YES,YES,0,OPAQUE_HIGH_ENTROPY->OPAQUE_HIGH_ENTROPY
12G,2025-12-31 00:00:00,2025-12-31 00:00:00,H:\Manifest\My_Device\12G\00008101-0010145911E0001E\2025-12-31\- 2025-12-31-075308  0c_fa -,H:\Manifest\My_Device\12G\00008101-0010145911E0001E\2025-12-31\2025-12-31-072503  0a_fe,OPAQUE_HIGH_ENTROPY,OPAQUE_HIGH_ENTROPY,NO,NO,NO,NO,NO,-69632,OPAQUE_HIGH_ENTROPY->OPAQUE_HIGH_ENTROPY
12G,2025-12-31 00:00:00,2026-01-06 00:00:00,H:\Manifest\My_Device\12G\00008101-0010145911E0001E\2025-12-31\2025-12-31-072503  0a_fe,H:\Manifest\My_Device\12G\00008101-0010145911E0001E\2026-01-06\- 2026-01-06  (01_fa-00_ff) -,OPAQUE_HIGH_ENTROPY,OPAQUE_HIGH_ENTROPY,NO,NO,NO,NO,NO,528384,OPAQUE_HIGH_ENTROPY->OPAQUE_HIGH_ENTROPY
12G,2026-01-06 00:00:00,2026-01-06 00:00:00,H:\Manifest\My_Device\12G\00008101-0010145911E0001E\2026-01-06\- 2026-01-06  (01_fa-00_ff) -,H:\Manifest\My_Device\12G\00008101-0010145911E0001E\2026-01-06\- 2026-01-06-234154  01_fa -,OPAQUE_HIGH_ENTROPY,OPAQUE_HIGH_ENTROPY,NO,NO,YES,YES,YES,0,OPAQUE_HIGH_ENTROPY->OPAQUE_HIGH_ENTROPY
12G,2026-01-06 00:00:00,2026-01-06 00:00:00,H:\Manifest\My_Device\12G\00008101-0010145911E0001E\2026-01-06\- 2026-01-06-234154  01_fa -,H:\Manifest\My_Device\12G\00008101-0010145911E0001E\2026-01-06\-- 2026-01-06  (01_fa-00_ff) --,OPAQUE_HIGH_ENTROPY,OPAQUE_HIGH_ENTROPY,NO,NO,NO,NO,NO,8192,OPAQUE_HIGH_ENTROPY->OPAQUE_HIGH_ENTROPY
12G,2026-01-06 00:00:00,2026-01-06 00:00:00,H:\Manifest\My_Device\12G\00008101-0010145911E0001E\2026-01-06\-- 2026-01-06  (01_fa-00_ff) --,H:\Manifest\My_Device\12G\00008101-0010145911E0001E\2026-01-06\-- 2026-01-06-194020  01_fa --,OPAQUE_HIGH_ENTROPY,OPAQUE_HIGH_ENTROPY,NO,NO,YES,YES,YES,0,OPAQUE_HIGH_ENTROPY->OPAQUE_HIGH_ENTROPY
12G,2026-01-06 00:00:00,2026-01-06 00:00:00,H:\Manifest\My_Device\12G\00008101-0010145911E0001E\2026-01-06\-- 2026-01-06-194020  01_fa --,H:\Manifest\My_Device\12G\00008101-0010145911E0001E\2026-01-06\2026-01-06-193421  00_ff,OPAQUE_HIGH_ENTROPY,OPAQUE_HIGH_ENTROPY,NO,NO,NO,NO,NO,3231744,OPAQUE_HIGH_ENTROPY->OPAQUE_HIGH_ENTROPY
12G,2026-01-06 00:00:00,2026-01-06 00:00:00,H:\Manifest\My_Device\12G\00008101-0010145911E0001E\2026-01-06\2026-01-06-193421  00_ff,H:\Manifest\My_Device\12G\00008101-0010145911E0001E\2026-01-06\2026-01-06-215614  00_ff,OPAQUE_HIGH_ENTROPY,OPAQUE_HIGH_ENTROPY,NO,NO,YES,NO,NO,0,OPAQUE_HIGH_ENTROPY->OPAQUE_HIGH_ENTROPY
12G,2026-01-06 00:00:00,2026-01-24 00:00:00,H:\Manifest\My_Device\12G\00008101-0010145911E0001E\2026-01-06\2026-01-06-215614  00_ff,H:\Manifest\My_Device\12G\00008101-0010145911E0001E\2026-01-24\2026-01-24-123640  00_ff,OPAQUE_HIGH_ENTROPY,OPAQUE_HIGH_ENTROPY,NO,NO,NO,NO,NO,-4120576,OPAQUE_HIGH_ENTROPY->OPAQUE_HIGH_ENTROPY
12G,2026-01-24 00:00:00,2026-01-25 00:00:00,H:\Manifest\My_Device\12G\00008101-0010145911E0001E\2026-01-24\2026-01-24-123640  00_ff,H:\Manifest\My_Device\12G\00008101-0010145911E0001E\2026-01-25\2026-01-25-143903  00_ff,OPAQUE_HIGH_ENTROPY,OPAQUE_HIGH_ENTROPY,NO,NO,NO,NO,NO,217088,OPAQUE_HIGH_ENTROPY->OPAQUE_HIGH_ENTROPY
12G,2026-01-25 00:00:00,2026-01-26 00:00:00,H:\Manifest\My_Device\12G\00008101-0010145911E0001E\2026-01-25\2026-01-25-143903  00_ff,H:\Manifest\My_Device\12G\00008101-0010145911E0001E\2026-01-26\- 2026-01-26-094229  (0d_fe-00_ff) -,OPAQUE_HIGH_ENTROPY,OPAQUE_HIGH_ENTROPY,NO,NO,NO,NO,NO,-2920448,OPAQUE_HIGH_ENTROPY->OPAQUE_HIGH_ENTROPY
12G,2026-01-26 00:00:00,2026-01-26 00:00:00,H:\Manifest\My_Device\12G\00008101-0010145911E0001E\2026-01-26\- 2026-01-26-094229  (0d_fe-00_ff) -,H:\Manifest\My_Device\12G\00008101-0010145911E0001E\2026-01-26\- 2026-01-26-094229  0d_fe -,OPAQUE_HIGH_ENTROPY,OPAQUE_HIGH_ENTROPY,NO,NO,YES,YES,YES,0,OPAQUE_HIGH_ENTROPY->OPAQUE_HIGH_ENTROPY
12G,2026-01-26 00:00:00,2026-01-26 00:00:00,H:\Manifest\My_Device\12G\00008101-0010145911E0001E\2026-01-26\- 2026-01-26-094229  0d_fe -,H:\Manifest\My_Device\12G\00008101-0010145911E0001E\2026-01-26\2026-01-26-084325  00_fe,OPAQUE_HIGH_ENTROPY,OPAQUE_HIGH_ENTROPY,NO,NO,NO,NO,NO,147456,OPAQUE_HIGH_ENTROPY->OPAQUE_HIGH_ENTROPY
12G,2026-01-26 00:00:00,2026-01-27 00:00:00,H:\Manifest\My_Device\12G\00008101-0010145911E0001E\2026-01-26\2026-01-26-084325  00_fe,H:\Manifest\My_Device\12G\00008101-0010145911E0001E\2026-01-27\- 2026-01-27  (00_fe-00_ff) -,OPAQUE_HIGH_ENTROPY,OPAQUE_HIGH_ENTROPY,NO,NO,NO,NO,NO,143360,OPAQUE_HIGH_ENTROPY->OPAQUE_HIGH_ENTROPY
12G,2026-01-27 00:00:00,2026-01-27 00:00:00,H:\Manifest\My_Device\12G\00008101-0010145911E0001E\2026-01-27\- 2026-01-27  (00_fe-00_ff) -,H:\Manifest\My_Device\12G\00008101-0010145911E0001E\2026-01-27\-2026-01-27-090130  00_fe -,OPAQUE_HIGH_ENTROPY,OPAQUE_HIGH_ENTROPY,NO,NO,YES,YES,YES,0,OPAQUE_HIGH_ENTROPY->OPAQUE_HIGH_ENTROPY
12G,2026-01-27 00:00:00,2026-01-31 00:00:00,H:\Manifest\My_Device\12G\00008101-0010145911E0001E\2026-01-27\-2026-01-27-090130  00_fe -,H:\Manifest\My_Device\12G\00008101-0010145911E0001E\2026-01-31\2026-01-31-092458  No,OPAQUE_HIGH_ENTROPY,OPAQUE_HIGH_ENTROPY,NO,NO,NO,NO,NO,2412544,OPAQUE_HIGH_ENTROPY->OPAQUE_HIGH_ENTROPY
12G,2026-01-31 00:00:00,2026-01-31 00:00:00,H:\Manifest\My_Device\12G\00008101-0010145911E0001E\2026-01-31\2026-01-31-092458  No,H:\Manifest\My_Device\12G\00008101-0010145911E0001E\2026-01-31\2026-01-31-162458  00_ff,OPAQUE_HIGH_ENTROPY,OPAQUE_HIGH_ENTROPY,NO,NO,NO,NO,NO,995328,OPAQUE_HIGH_ENTROPY->OPAQUE_HIGH_ENTROPY
12G,2026-01-31 00:00:00,2026-02-01 00:00:00,H:\Manifest\My_Device\12G\00008101-0010145911E0001E\2026-01-31\2026-01-31-162458  00_ff,H:\Manifest\My_Device\12G\00008101-0010145911E0001E\2026-02-01\- 2026-02-01-134402  (00_fe-00_ff) -,OPAQUE_HIGH_ENTROPY,OPAQUE_HIGH_ENTROPY,NO,NO,NO,NO,NO,-2555904,OPAQUE_HIGH_ENTROPY->OPAQUE_HIGH_ENTROPY
12G,2026-02-01 00:00:00,2026-02-01 00:00:00,H:\Manifest\My_Device\12G\00008101-0010145911E0001E\2026-02-01\- 2026-02-01-134402  (00_fe-00_ff) -,H:\Manifest\My_Device\12G\00008101-0010145911E0001E\2026-02-01\- 2026-02-01-134402  00_fe -,OPAQUE_HIGH_ENTROPY,OPAQUE_HIGH_ENTROPY,NO,NO,YES,YES,YES,0,OPAQUE_HIGH_ENTROPY->OPAQUE_HIGH_ENTROPY
12G,2026-02-01 00:00:00,2026-02-01 00:00:00,H:\Manifest\My_Device\12G\00008101-0010145911E0001E\2026-02-01\- 2026-02-01-134402  00_fe -,H:\Manifest\My_Device\12G\00008101-0010145911E0001E\2026-02-01\2026-02-01-091238  00_ff,OPAQUE_HIGH_ENTROPY,OPAQUE_HIGH_ENTROPY,NO,NO,NO,NO,NO,2498560,OPAQUE_HIGH_ENTROPY->OPAQUE_HIGH_ENTROPY
12G,2026-02-01 00:00:00,2026-02-01 00:00:00,H:\Manifest\My_Device\12G\00008101-0010145911E0001E\2026-02-01\2026-02-01-091238  00_ff,H:\Manifest\My_Device\12G\00008101-0010145911E0001E\2026-02-01\2026-02-01-113907  00_ff,OPAQUE_HIGH_ENTROPY,OPAQUE_HIGH_ENTROPY,NO,NO,NO,NO,NO,94208,OPAQUE_HIGH_ENTROPY->OPAQUE_HIGH_ENTROPY
12G,2026-02-01 00:00:00,2026-02-01 00:00:00,H:\Manifest\My_Device\12G\00008101-0010145911E0001E\2026-02-01\2026-02-01-113907  00_ff,H:\Manifest\My_Device\12G\00008101-0010145911E0001E\2026-02-01\2026-02-01-160423  00_ff,OPAQUE_HIGH_ENTROPY,OPAQUE_HIGH_ENTROPY,NO,NO,NO,NO,NO,479232,OPAQUE_HIGH_ENTROPY->OPAQUE_HIGH_ENTROPY
15G,2025-12-20 00:00:00,2025-12-20 00:00:00,H:\Manifest\My_Device\15G\00008101-000524EC3A30001E\2025-12-20\- 2025-12-19_1  (00_fe-00_ff) -,H:\Manifest\My_Device\15G\00008101-000524EC3A30001E\2025-12-20\- 2025-12-20-113001  00_ff -,OPAQUE_HIGH_ENTROPY,OPAQUE_HIGH_ENTROPY,NO,NO,NO,NO,NO,1957888,OPAQUE_HIGH_ENTROPY->OPAQUE_HIGH_ENTROPY
15G,2025-12-20 00:00:00,2025-12-20 00:00:00,H:\Manifest\My_Device\15G\00008101-000524EC3A30001E\2025-12-20\- 2025-12-20-113001  00_ff -,H:\Manifest\My_Device\15G\00008101-000524EC3A30001E\2025-12-20\2025-12-20-124836  00_fe,OPAQUE_HIGH_ENTROPY,OPAQUE_HIGH_ENTROPY,NO,NO,NO,NO,NO,-1957888,OPAQUE_HIGH_ENTROPY->OPAQUE_HIGH_ENTROPY
15G,2025-12-20 00:00:00,2025-12-22 00:00:00,H:\Manifest\My_Device\15G\00008101-000524EC3A30001E\2025-12-20\2025-12-20-124836  00_fe,H:\Manifest\My_Device\15G\00008101-000524EC3A30001E\2025-12-22\2025-12-22-021728  00_ff,OPAQUE_HIGH_ENTROPY,OPAQUE_HIGH_ENTROPY,NO,NO,NO,NO,NO,2080768,OPAQUE_HIGH_ENTROPY->OPAQUE_HIGH_ENTROPY
15G,2025-12-22 00:00:00,2026-01-01 00:00:00,H:\Manifest\My_Device\15G\00008101-000524EC3A30001E\2025-12-22\2025-12-22-021728  00_ff,H:\Manifest\My_Device\15G\00008101-000524EC3A30001E\2026-01-01\2026-01-01-211642  00_ff,OPAQUE_HIGH_ENTROPY,OPAQUE_HIGH_ENTROPY,NO,NO,NO,NO,NO,1646592,OPAQUE_HIGH_ENTROPY->OPAQUE_HIGH_ENTROPY
15G,2026-01-01 00:00:00,2026-01-01 00:00:00,H:\Manifest\My_Device\15G\00008101-000524EC3A30001E\2026-01-01\2026-01-01-211642  00_ff,H:\Manifest\My_Device\15G\00008101-000524EC3A30001E\2026-01-01\2026-01-01-224218  00_fe,OPAQUE_HIGH_ENTROPY,OPAQUE_HIGH_ENTROPY,NO,NO,NO,NO,NO,-1396736,OPAQUE_HIGH_ENTROPY->OPAQUE_HIGH_ENTROPY
15G,2026-01-01 00:00:00,2026-01-02 00:00:00,H:\Manifest\My_Device\15G\00008101-000524EC3A30001E\2026-01-01\2026-01-01-224218  00_fe,H:\Manifest\My_Device\15G\00008101-000524EC3A30001E\2026-01-02\- 2025-01-02  (00_fe-00_ff) -,OPAQUE_HIGH_ENTROPY,OPAQUE_HIGH_ENTROPY,NO,NO,NO,NO,NO,-188416,OPAQUE_HIGH_ENTROPY->OPAQUE_HIGH_ENTROPY
15G,2026-01-02 00:00:00,2026-01-02 00:00:00,H:\Manifest\My_Device\15G\00008101-000524EC3A30001E\2026-01-02\- 2025-01-02  (00_fe-00_ff) -,H:\Manifest\My_Device\15G\00008101-000524EC3A30001E\2026-01-02\- 2026-01-02-023052  00_fe -,OPAQUE_HIGH_ENTROPY,OPAQUE_HIGH_ENTROPY,NO,NO,YES,YES,YES,0,OPAQUE_HIGH_ENTROPY->OPAQUE_HIGH_ENTROPY
15G,2026-01-02 00:00:00,2026-01-09 00:00:00,H:\Manifest\My_Device\15G\00008101-000524EC3A30001E\2026-01-02\- 2026-01-02-023052  00_fe -,H:\Manifest\My_Device\15G\00008101-000524EC3A30001E\2026-01-09\- 2026-01-09  (00_fd-00_ff) -,OPAQUE_HIGH_ENTROPY,OPAQUE_HIGH_ENTROPY,NO,NO,NO,NO,NO,-626688,OPAQUE_HIGH_ENTROPY->OPAQUE_HIGH_ENTROPY
15G,2026-01-09 00:00:00,2026-01-09 00:00:00,H:\Manifest\My_Device\15G\00008101-000524EC3A30001E\2026-01-09\- 2026-01-09  (00_fd-00_ff) -,H:\Manifest\My_Device\15G\00008101-000524EC3A30001E\2026-01-09\- 2026-01-09-194624  00_fd -,OPAQUE_HIGH_ENTROPY,OPAQUE_HIGH_ENTROPY,NO,NO,YES,YES,YES,0,OPAQUE_HIGH_ENTROPY->OPAQUE_HIGH_ENTROPY
15G,2026-01-09 00:00:00,2026-01-09 00:00:00,H:\Manifest\My_Device\15G\00008101-000524EC3A30001E\2026-01-09\- 2026-01-09-194624  00_fd -,H:\Manifest\My_Device\15G\00008101-000524EC3A30001E\2026-01-09\2026-01-09-113729  00_ff,OPAQUE_HIGH_ENTROPY,OPAQUE_HIGH_ENTROPY,NO,NO,NO,NO,NO,1273856,OPAQUE_HIGH_ENTROPY->OPAQUE_HIGH_ENTROPY
15G,2026-01-09 00:00:00,2026-01-09 00:00:00,H:\Manifest\My_Device\15G\00008101-000524EC3A30001E\2026-01-09\2026-01-09-113729  00_ff,H:\Manifest\My_Device\15G\00008101-000524EC3A30001E\2026-01-09\2026-01-09-192602  00_ff,OPAQUE_HIGH_ENTROPY,OPAQUE_HIGH_ENTROPY,NO,NO,NO,NO,NO,-966656,OPAQUE_HIGH_ENTROPY->OPAQUE_HIGH_ENTROPY
iPad,2025-12-14 00:00:00,2025-12-19 00:00:00,H:\Manifest\My_Device\iPad\00008101-001E21CC3A9BA01E\Original\2025-12-14\00008101-001E21CC3A9BA01E,H:\Manifest\My_Device\iPad\00008101-001E21CC3A9BA01E\2025-12-19\- 2025-12-14  (1f_fa-00_ff) -,OPAQUE_HIGH_ENTROPY,OPAQUE_HIGH_ENTROPY,NO,NO,YES,YES,YES,0,OPAQUE_HIGH_ENTROPY->OPAQUE_HIGH_ENTROPY
iPad,2025-12-19 00:00:00,2025-12-19 00:00:00,H:\Manifest\My_Device\iPad\00008101-001E21CC3A9BA01E\2025-12-19\- 2025-12-14  (1f_fa-00_ff) -,H:\Manifest\My_Device\iPad\00008101-001E21CC3A9BA01E\2025-12-19\- 2025-12-19-161445  1f_fa -,OPAQUE_HIGH_ENTROPY,OPAQUE_HIGH_ENTROPY,NO,NO,YES,YES,YES,0,OPAQUE_HIGH_ENTROPY->OPAQUE_HIGH_ENTROPY
iPad,2025-12-19 00:00:00,2025-12-19 00:00:00,H:\Manifest\My_Device\iPad\00008101-001E21CC3A9BA01E\2025-12-19\- 2025-12-19-161445  1f_fa -,H:\Manifest\My_Device\iPad\00008101-001E21CC3A9BA01E\2025-12-19\2025-12-19-123916  00_ff,OPAQUE_HIGH_ENTROPY,OPAQUE_HIGH_ENTROPY,NO,NO,NO,NO,NO,249856,OPAQUE_HIGH_ENTROPY->OPAQUE_HIGH_ENTROPY
iPad,2025-12-19 00:00:00,2025-12-28 00:00:00,H:\Manifest\My_Device\iPad\00008101-001E21CC3A9BA01E\2025-12-19\2025-12-19-123916  00_ff,H:\Manifest\My_Device\iPad\00008101-001E21CC3A9BA01E\2025-12-28\- 2025-12-28  (1f_fa-00_ff) -,OPAQUE_HIGH_ENTROPY,OPAQUE_HIGH_ENTROPY,NO,NO,NO,NO,NO,-184320,OPAQUE_HIGH_ENTROPY->OPAQUE_HIGH_ENTROPY
iPad,2025-12-28 00:00:00,2025-12-28 00:00:00,H:\Manifest\My_Device\iPad\00008101-001E21CC3A9BA01E\2025-12-28\- 2025-12-28  (1f_fa-00_ff) -,H:\Manifest\My_Device\iPad\00008101-001E21CC3A9BA01E\2025-12-28\- 2025-12-28-093130  1f_fa -,OPAQUE_HIGH_ENTROPY,OPAQUE_HIGH_ENTROPY,NO,NO,NO,NO,NO,311296,OPAQUE_HIGH_ENTROPY->OPAQUE_HIGH_ENTROPY
iPad,2025-12-28 00:00:00,2025-12-28 00:00:00,H:\Manifest\My_Device\iPad\00008101-001E21CC3A9BA01E\2025-12-28\- 2025-12-28-093130  1f_fa -,H:\Manifest\My_Device\iPad\00008101-001E21CC3A9BA01E\2025-12-28\2025-12-28-073948  00_ff,OPAQUE_HIGH_ENTROPY,OPAQUE_HIGH_ENTROPY,NO,NO,NO,NO,NO,-311296,OPAQUE_HIGH_ENTROPY->OPAQUE_HIGH_ENTROPY
iPad,2025-12-28 00:00:00,2025-12-28 00:00:00,H:\Manifest\My_Device\iPad\00008101-001E21CC3A9BA01E\2025-12-28\2025-12-28-073948  00_ff,H:\Manifest\My_Device\iPad\00008101-001E21CC3A9BA01E\Original\2025-12-28\00008101-001E21CC3A9BA01E,OPAQUE_HIGH_ENTROPY,OPAQUE_HIGH_ENTROPY,NO,NO,YES,YES,YES,0,OPAQUE_HIGH_ENTROPY->OPAQUE_HIGH_ENTROPY
iPad,2025-12-28 00:00:00,2026-01-05 00:00:00,H:\Manifest\My_Device\iPad\00008101-001E21CC3A9BA01E\Original\2025-12-28\00008101-001E21CC3A9BA01E,H:\Manifest\My_Device\iPad\00008101-001E21CC3A9BA01E\2026-01-05\- 2026-01-05  (1e_fd-00_ff) -,OPAQUE_HIGH_ENTROPY,OPAQUE_HIGH_ENTROPY,NO,NO,NO,NO,NO,98304,OPAQUE_HIGH_ENTROPY->OPAQUE_HIGH_ENTROPY
iPad,2026-01-05 00:00:00,2026-01-05 00:00:00,H:\Manifest\My_Device\iPad\00008101-001E21CC3A9BA01E\2026-01-05\- 2026-01-05  (1e_fd-00_ff) -,H:\Manifest\My_Device\iPad\00008101-001E21CC3A9BA01E\2026-01-05\- 2026-01-05-064502  1e_fd -,OPAQUE_HIGH_ENTROPY,OPAQUE_HIGH_ENTROPY,NO,NO,YES,YES,YES,0,OPAQUE_HIGH_ENTROPY->OPAQUE_HIGH_ENTROPY
iPad,2026-01-05 00:00:00,2026-01-05 00:00:00,H:\Manifest\My_Device\iPad\00008101-001E21CC3A9BA01E\2026-01-05\- 2026-01-05-064502  1e_fd -,H:\Manifest\My_Device\iPad\00008101-001E21CC3A9BA01E\2026-01-05\2026-01-05-043015  00_ff,OPAQUE_HIGH_ENTROPY,OPAQUE_HIGH_ENTROPY,NO,NO,NO,NO,NO,471040,OPAQUE_HIGH_ENTROPY->OPAQUE_HIGH_ENTROPY
iPad,2026-01-05 00:00:00,2026-01-05 00:00:00,H:\Manifest\My_Device\iPad\00008101-001E21CC3A9BA01E\2026-01-05\2026-01-05-043015  00_ff,H:\Manifest\My_Device\iPad\00008101-001E21CC3A9BA01E\2026-01-05\2026-01-05-045412  2f_fa,OPAQUE_HIGH_ENTROPY,OPAQUE_HIGH_ENTROPY,NO,NO,NO,NO,NO,-360448,OPAQUE_HIGH_ENTROPY->OPAQUE_HIGH_ENTROPY
iPad,2026-01-05 00:00:00,2026-01-05 00:00:00,H:\Manifest\My_Device\iPad\00008101-001E21CC3A9BA01E\2026-01-05\2026-01-05-045412  2f_fa,H:\Manifest\My_Device\iPad\00008101-001E21CC3A9BA01E\Original\2026-01-05\00008101-001E21CC3A9BA01E,OPAQUE_HIGH_ENTROPY,OPAQUE_HIGH_ENTROPY,NO,NO,NO,NO,NO,-110592,OPAQUE_HIGH_ENTROPY->OPAQUE_HIGH_ENTROPY
iPad,2026-01-05 00:00:00,2026-01-17 00:00:00,H:\Manifest\My_Device\iPad\00008101-001E21CC3A9BA01E\Original\2026-01-05\00008101-001E21CC3A9BA01E,H:\Manifest\My_Device\iPad\00008101-001E21CC3A9BA01E\2026-01-17\- 2026-01-17  (2b_fa-00_ff) -,OPAQUE_HIGH_ENTROPY,OPAQUE_HIGH_ENTROPY,NO,NO,NO,NO,NO,327680,OPAQUE_HIGH_ENTROPY->OPAQUE_HIGH_ENTROPY
iPad,2026-01-17 00:00:00,2026-01-17 00:00:00,H:\Manifest\My_Device\iPad\00008101-001E21CC3A9BA01E\2026-01-17\- 2026-01-17  (2b_fa-00_ff) -,H:\Manifest\My_Device\iPad\00008101-001E21CC3A9BA01E\2026-01-17\- 2026-01-17-201029  2b_fa -,OPAQUE_HIGH_ENTROPY,OPAQUE_HIGH_ENTROPY,NO,NO,YES,YES,YES,0,OPAQUE_HIGH_ENTROPY->OPAQUE_HIGH_ENTROPY
iPad,2026-01-17 00:00:00,2026-01-17 00:00:00,H:\Manifest\My_Device\iPad\00008101-001E21CC3A9BA01E\2026-01-17\- 2026-01-17-201029  2b_fa -,H:\Manifest\My_Device\iPad\00008101-001E21CC3A9BA01E\2026-01-17\2026-01-17-101244  00_ff,OPAQUE_HIGH_ENTROPY,OPAQUE_HIGH_ENTROPY,NO,NO,NO,NO,NO,290816,OPAQUE_HIGH_ENTROPY->OPAQUE_HIGH_ENTROPY
iPad,2026-01-17 00:00:00,2026-01-17 00:00:00,H:\Manifest\My_Device\iPad\00008101-001E21CC3A9BA01E\2026-01-17\2026-01-17-101244  00_ff,H:\Manifest\My_Device\iPad\00008101-001E21CC3A9BA01E\2026-01-17\2026-01-17-193516  0e_fe,OPAQUE_HIGH_ENTROPY,OPAQUE_HIGH_ENTROPY,NO,NO,NO,NO,NO,-217088,OPAQUE_HIGH_ENTROPY->OPAQUE_HIGH_ENTROPY
iPad,2026-01-17 00:00:00,2026-01-18 00:00:00,H:\Manifest\My_Device\iPad\00008101-001E21CC3A9BA01E\2026-01-17\2026-01-17-193516  0e_fe,H:\Manifest\My_Device\iPad\00008101-001E21CC3A9BA01E\2026-01-18\- 2026-01-18  (1d_fd-00_ff) -,OPAQUE_HIGH_ENTROPY,OPAQUE_HIGH_ENTROPY,NO,NO,NO,NO,NO,-131072,OPAQUE_HIGH_ENTROPY->OPAQUE_HIGH_ENTROPY
iPad,2026-01-18 00:00:00,2026-01-18 00:00:00,H:\Manifest\My_Device\iPad\00008101-001E21CC3A9BA01E\2026-01-18\- 2026-01-18  (1d_fd-00_ff) -,H:\Manifest\My_Device\iPad\00008101-001E21CC3A9BA01E\2026-01-18\- 2026-01-18-130926  1d_fd -,OPAQUE_HIGH_ENTROPY,OPAQUE_HIGH_ENTROPY,NO,NO,YES,YES,YES,0,OPAQUE_HIGH_ENTROPY->OPAQUE_HIGH_ENTROPY
iPad,2026-01-18 00:00:00,2026-01-18 00:00:00,H:\Manifest\My_Device\iPad\00008101-001E21CC3A9BA01E\2026-01-18\- 2026-01-18-130926  1d_fd -,H:\Manifest\My_Device\iPad\00008101-001E21CC3A9BA01E\2026-01-18\2026-01-18-123056  00_ff,OPAQUE_HIGH_ENTROPY,OPAQUE_HIGH_ENTROPY,NO,NO,NO,NO,NO,315392,OPAQUE_HIGH_ENTROPY->OPAQUE_HIGH_ENTROPY
iPad,2026-01-18 00:00:00,2026-01-18 00:00:00,H:\Manifest\My_Device\iPad\00008101-001E21CC3A9BA01E\2026-01-18\2026-01-18-123056  00_ff,H:\Manifest\My_Device\iPad\00008101-001E21CC3A9BA01E\2026-01-18\2026-01-18-124048  2b_fd,OPAQUE_HIGH_ENTROPY,OPAQUE_HIGH_ENTROPY,NO,NO,NO,NO,NO,-225280,OPAQUE_HIGH_ENTROPY->OPAQUE_HIGH_ENTROPY
iPad,2026-01-18 00:00:00,2026-01-23 00:00:00,H:\Manifest\My_Device\iPad\00008101-001E21CC3A9BA01E\2026-01-18\2026-01-18-124048  2b_fd,H:\Manifest\My_Device\iPad\00008101-001E21CC3A9BA01E\2026-01-23\- 2026-01-23-080754  1f_fa -,OPAQUE_HIGH_ENTROPY,OPAQUE_HIGH_ENTROPY,NO,NO,NO,NO,NO,290816,OPAQUE_HIGH_ENTROPY->OPAQUE_HIGH_ENTROPY
iPad,2026-01-23 00:00:00,2026-01-23 00:00:00,H:\Manifest\My_Device\iPad\00008101-001E21CC3A9BA01E\2026-01-23\- 2026-01-23-080754  1f_fa -,H:\Manifest\My_Device\iPad\00008101-001E21CC3A9BA01E\2026-01-23\- 2026-01-23-1_End  (1f_fa-00_ff) -,OPAQUE_HIGH_ENTROPY,OPAQUE_HIGH_ENTROPY,NO,NO,YES,YES,YES,0,OPAQUE_HIGH_ENTROPY->OPAQUE_HIGH_ENTROPY
iPad,2026-01-23 00:00:00,2026-01-23 00:00:00,H:\Manifest\My_Device\iPad\00008101-001E21CC3A9BA01E\2026-01-23\- 2026-01-23-1_End  (1f_fa-00_ff) -,H:\Manifest\My_Device\iPad\00008101-001E21CC3A9BA01E\2026-01-23\2026-01-23-001918  00_ff,OPAQUE_HIGH_ENTROPY,OPAQUE_HIGH_ENTROPY,NO,NO,NO,NO,NO,430080,OPAQUE_HIGH_ENTROPY->OPAQUE_HIGH_ENTROPY
iPad,2026-01-23 00:00:00,2026-01-23 00:00:00,H:\Manifest\My_Device\iPad\00008101-001E21CC3A9BA01E\2026-01-23\2026-01-23-001918  00_ff,H:\Manifest\My_Device\iPad\00008101-001E21CC3A9BA01E\2026-01-23\2026-01-23-073922  00_ff,OPAQUE_HIGH_ENTROPY,OPAQUE_HIGH_ENTROPY,NO,NO,NO,NO,NO,-372736,OPAQUE_HIGH_ENTROPY->OPAQUE_HIGH_ENTROPY
iPad,2026-01-23 00:00:00,2026-01-23 00:00:00,H:\Manifest\My_Device\iPad\00008101-001E21CC3A9BA01E\2026-01-23\2026-01-23-073922  00_ff,H:\Manifest\My_Device\iPad\00008101-001E21CC3A9BA01E\Original\2026-01-23\00008101-001E21CC3A9BA01E,OPAQUE_HIGH_ENTROPY,OPAQUE_HIGH_ENTROPY,NO,NO,NO,NO,NO,372736,OPAQUE_HIGH_ENTROPY->OPAQUE_HIGH_ENTROPY
iPhone11,2025-12-24 00:00:00,2025-12-24 00:00:00,H:\Manifest\My_Device\iPhone11 Pro\00008030-001A0C420E40802E\2025-12-24\2025-12-24-172017  00_ff,H:\Manifest\My_Device\iPhone11 Pro\00008030-001A0C420E40802E\2025-12-24\2025-12-24-173727  0f_fd,OPAQUE_HIGH_ENTROPY,OPAQUE_HIGH_ENTROPY,NO,NO,NO,NO,NO,3387392,OPAQUE_HIGH_ENTROPY->OPAQUE_HIGH_ENTROPY
iPhone11,2025-12-24 00:00:00,2025-12-24 00:00:00,H:\Manifest\My_Device\iPhone11 Pro\00008030-001A0C420E40802E\2025-12-24\2025-12-24-173727  0f_fd,H:\Manifest\My_Device\iPhone11 Pro\00008030-001A0C420E40802E\2025-12-24\2025-12-24-213632  1f_fa,OPAQUE_HIGH_ENTROPY,OPAQUE_HIGH_ENTROPY,NO,NO,NO,NO,NO,-208896,OPAQUE_HIGH_ENTROPY->OPAQUE_HIGH_ENTROPY
iPhone11,2025-12-24 00:00:00,2025-12-24 00:00:00,H:\Manifest\My_Device\iPhone11 Pro\00008030-001A0C420E40802E\2025-12-24\2025-12-24-213632  1f_fa,H:\Manifest\My_Device\iPhone11 Pro\00008030-001A0C420E40802E\2025-12-24\2025-12-24-221306  1f_fd,OPAQUE_HIGH_ENTROPY,OPAQUE_HIGH_ENTROPY,NO,NO,NO,NO,NO,581632,OPAQUE_HIGH_ENTROPY->OPAQUE_HIGH_ENTROPY
iPhone11,2025-12-24 00:00:00,2025-12-24 00:00:00,H:\Manifest\My_Device\iPhone11 Pro\00008030-001A0C420E40802E\2025-12-24\2025-12-24-221306  1f_fd,H:\Manifest\My_Device\iPhone11 Pro\00008030-001A0C420E40802E\2025-12-24\2025-12-24-222810  2f_fa,OPAQUE_HIGH_ENTROPY,OPAQUE_HIGH_ENTROPY,NO,NO,NO,NO,NO,-569344,OPAQUE_HIGH_ENTROPY->OPAQUE_HIGH_ENTROPY
iPhone11,2025-12-24 00:00:00,2025-12-24 00:00:00,H:\Manifest\My_Device\iPhone11 Pro\00008030-001A0C420E40802E\2025-12-24\2025-12-24-222810  2f_fa,H:\Manifest\My_Device\iPhone11 Pro\00008030-001A0C420E40802E\2025-12-24\2025-12-24-224504  2f_fa,OPAQUE_HIGH_ENTROPY,OPAQUE_HIGH_ENTROPY,NO,NO,NO,NO,NO,-4096,OPAQUE_HIGH_ENTROPY->OPAQUE_HIGH_ENTROPY
iPhone11,2025-12-24 00:00:00,2025-12-24 00:00:00,H:\Manifest\My_Device\iPhone11 Pro\00008030-001A0C420E40802E\2025-12-24\2025-12-24-224504  2f_fa,H:\Manifest\My_Device\iPhone11 Pro\00008030-001A0C420E40802E\2025-12-24\2025-12-24-230302  1f_fa,OPAQUE_HIGH_ENTROPY,OPAQUE_HIGH_ENTROPY,NO,NO,NO,NO,NO,-4096,OPAQUE_HIGH_ENTROPY->OPAQUE_HIGH_ENTROPY
iPhone11,2025-12-24 00:00:00,2025-12-24 00:00:00,H:\Manifest\My_Device\iPhone11 Pro\00008030-001A0C420E40802E\2025-12-24\2025-12-24-230302  1f_fa,H:\Manifest\My_Device\iPhone11 Pro\00008030-001A0C420E40802E\2025-12-24\2025-12-24-231953  2f_fa,OPAQUE_HIGH_ENTROPY,OPAQUE_HIGH_ENTROPY,NO,NO,NO,NO,NO,12288,OPAQUE_HIGH_ENTROPY->OPAQUE_HIGH_ENTROPY
iPhone11,2025-12-24 00:00:00,2025-12-24 00:00:00,H:\Manifest\My_Device\iPhone11 Pro\00008030-001A0C420E40802E\2025-12-24\2025-12-24-231953  2f_fa,H:\Manifest\My_Device\iPhone11 Pro\00008030-001A0C420E40802E\2025-12-24\2025-12-24-235128  2f_fa,OPAQUE_HIGH_ENTROPY,OPAQUE_HIGH_ENTROPY,NO,NO,NO,NO,NO,-16384,OPAQUE_HIGH_ENTROPY->OPAQUE_HIGH_ENTROPY
iPhone11,2025-12-24 00:00:00,2025-12-25 00:00:00,H:\Manifest\My_Device\iPhone11 Pro\00008030-001A0C420E40802E\2025-12-24\2025-12-24-235128  2f_fa,H:\Manifest\My_Device\iPhone11 Pro\00008030-001A0C420E40802E\2025-12-25\- 2025-12-24  (0b_fe-00_ff) -,OPAQUE_HIGH_ENTROPY,OPAQUE_HIGH_ENTROPY,NO,NO,NO,NO,NO,221184,OPAQUE_HIGH_ENTROPY->OPAQUE_HIGH_ENTROPY
iPhone11,2025-12-25 00:00:00,2025-12-25 00:00:00,H:\Manifest\My_Device\iPhone11 Pro\00008030-001A0C420E40802E\2025-12-25\- 2025-12-24  (0b_fe-00_ff) -,H:\Manifest\My_Device\iPhone11 Pro\00008030-001A0C420E40802E\2025-12-25\- 2025-12-25-035757  0b_fe -,OPAQUE_HIGH_ENTROPY,OPAQUE_HIGH_ENTROPY,NO,NO,YES,YES,YES,0,OPAQUE_HIGH_ENTROPY->OPAQUE_HIGH_ENTROPY
iPhone11,2025-12-25 00:00:00,2026-01-03 00:00:00,H:\Manifest\My_Device\iPhone11 Pro\00008030-001A0C420E40802E\2025-12-25\- 2025-12-25-035757  0b_fe -,H:\Manifest\My_Device\iPhone11 Pro\00008030-001A0C420E40802E\2026-01-03\- 2026-01-03  (1f_fa-00_ff) -,OPAQUE_HIGH_ENTROPY,OPAQUE_HIGH_ENTROPY,NO,NO,NO,NO,NO,303104,OPAQUE_HIGH_ENTROPY->OPAQUE_HIGH_ENTROPY
iPhone11,2026-01-03 00:00:00,2026-01-03 00:00:00,H:\Manifest\My_Device\iPhone11 Pro\00008030-001A0C420E40802E\2026-01-03\- 2026-01-03  (1f_fa-00_ff) -,H:\Manifest\My_Device\iPhone11 Pro\00008030-001A0C420E40802E\2026-01-03\2026-01-03-173436  00_ff,OPAQUE_HIGH_ENTROPY,OPAQUE_HIGH_ENTROPY,NO,NO,NO,NO,NO,-3571712,OPAQUE_HIGH_ENTROPY->OPAQUE_HIGH_ENTROPY
iPhone11,2026-01-03 00:00:00,2026-01-03 00:00:00,H:\Manifest\My_Device\iPhone11 Pro\00008030-001A0C420E40802E\2026-01-03\2026-01-03-173436  00_ff,H:\Manifest\My_Device\iPhone11 Pro\00008030-001A0C420E40802E\2026-01-03\2026-01-03-203037  01_fa,OPAQUE_HIGH_ENTROPY,OPAQUE_HIGH_ENTROPY,NO,NO,NO,NO,NO,3510272,OPAQUE_HIGH_ENTROPY->OPAQUE_HIGH_ENTROPY
iPhone11,2026-01-03 00:00:00,2026-01-03 00:00:00,H:\Manifest\My_Device\iPhone11 Pro\00008030-001A0C420E40802E\2026-01-03\2026-01-03-203037  01_fa,H:\Manifest\My_Device\iPhone11 Pro\00008030-001A0C420E40802E\2026-01-03\2026-01-03-212645  1f_fa,OPAQUE_HIGH_ENTROPY,OPAQUE_HIGH_ENTROPY,NO,NO,NO,NO,NO,-753664,OPAQUE_HIGH_ENTROPY->OPAQUE_HIGH_ENTROPY
iPhone11,2026-01-03 00:00:00,2026-01-27 00:00:00,H:\Manifest\My_Device\iPhone11 Pro\00008030-001A0C420E40802E\2026-01-03\2026-01-03-212645  1f_fa,H:\Manifest\My_Device\iPhone11 Pro\00008030-001A0C420E40802E\2026-01-27\2026-01-27-234425  00_ff,OPAQUE_HIGH_ENTROPY,OPAQUE_HIGH_ENTROPY,NO,NO,NO,NO,NO,-4145152,OPAQUE_HIGH_ENTROPY->OPAQUE_HIGH_ENTROPY
iPhone11,2026-01-27 00:00:00,2026-01-28 00:00:00,H:\Manifest\My_Device\iPhone11 Pro\00008030-001A0C420E40802E\2026-01-27\2026-01-27-234425  00_ff,H:\Manifest\My_Device\iPhone11 Pro\00008030-001A0C420E40802E\2026-01-28\2026-01-28-084437  00_ff,OPAQUE_HIGH_ENTROPY,OPAQUE_HIGH_ENTROPY,NO,NO,NO,NO,NO,3825664,OPAQUE_HIGH_ENTROPY->OPAQUE_HIGH_ENTROPY
iPhone11,2026-01-28 00:00:00,2026-01-28 00:00:00,H:\Manifest\My_Device\iPhone11 Pro\00008030-001A0C420E40802E\2026-01-28\2026-01-28-084437  00_ff,H:\Manifest\My_Device\iPhone11 Pro\00008030-001A0C420E40802E\2026-01-28\2026-01-28-120331  00_ff,OPAQUE_HIGH_ENTROPY,OPAQUE_HIGH_ENTROPY,NO,NO,NO,NO,NO,229376,OPAQUE_HIGH_ENTROPY->OPAQUE_HIGH_ENTROPY
mini1,2026-01-01 00:00:00,2026-01-01 00:00:00,H:\Manifest\My_Device\mini1\00008101-000C74642182001E\2026-01-01\- 2026-01-01  (1f_fa-00_ff) -,H:\Manifest\My_Device\mini1\00008101-000C74642182001E\2026-01-01\- 2026-01-01-081231  1f_fa -,OPAQUE_HIGH_ENTROPY,OPAQUE_HIGH_ENTROPY,NO,NO,YES,YES,YES,0,OPAQUE_HIGH_ENTROPY->OPAQUE_HIGH_ENTROPY
mini1,2026-01-01 00:00:00,2026-01-01 00:00:00,H:\Manifest\My_Device\mini1\00008101-000C74642182001E\2026-01-01\- 2026-01-01-081231  1f_fa -,H:\Manifest\My_Device\mini1\00008101-000C74642182001E\2026-01-01\2026-01-01-065430  00_ff,OPAQUE_HIGH_ENTROPY,OPAQUE_HIGH_ENTROPY,NO,NO,NO,NO,NO,421888,OPAQUE_HIGH_ENTROPY->OPAQUE_HIGH_ENTROPY
mini1,2026-01-01 00:00:00,2026-01-01 00:00:00,H:\Manifest\My_Device\mini1\00008101-000C74642182001E\2026-01-01\2026-01-01-065430  00_ff,H:\Manifest\My_Device\mini1\00008101-000C74642182001E\2026-01-01\2026-01-01-075916  0c_fa,OPAQUE_HIGH_ENTROPY,OPAQUE_HIGH_ENTROPY,NO,NO,NO,NO,NO,-430080,OPAQUE_HIGH_ENTROPY->OPAQUE_HIGH_ENTROPY
mini1,2026-01-01 00:00:00,2026-01-11 00:00:00,H:\Manifest\My_Device\mini1\00008101-000C74642182001E\2026-01-01\2026-01-01-075916  0c_fa,H:\Manifest\My_Device\mini1\00008101-000C74642182001E\2026-01-11\- 2026-01-11-114100  (0a_fd-00_ff) -,OPAQUE_HIGH_ENTROPY,OPAQUE_HIGH_ENTROPY,NO,NO,NO,NO,NO,86016,OPAQUE_HIGH_ENTROPY->OPAQUE_HIGH_ENTROPY
mini1,2026-01-11 00:00:00,2026-01-11 00:00:00,H:\Manifest\My_Device\mini1\00008101-000C74642182001E\2026-01-11\- 2026-01-11-114100  (0a_fd-00_ff) -,H:\Manifest\My_Device\mini1\00008101-000C74642182001E\2026-01-11\- 2026-01-11-114145  0a_fd -,OPAQUE_HIGH_ENTROPY,OPAQUE_HIGH_ENTROPY,NO,NO,YES,YES,YES,0,OPAQUE_HIGH_ENTROPY->OPAQUE_HIGH_ENTROPY
mini1,2026-01-11 00:00:00,2026-01-11 00:00:00,H:\Manifest\My_Device\mini1\00008101-000C74642182001E\2026-01-11\- 2026-01-11-114145  0a_fd -,H:\Manifest\My_Device\mini1\00008101-000C74642182001E\2026-01-11\2026-01-11-050832  00_ff,OPAQUE_HIGH_ENTROPY,OPAQUE_HIGH_ENTROPY,NO,NO,NO,NO,NO,344064,OPAQUE_HIGH_ENTROPY->OPAQUE_HIGH_ENTROPY
mini1,2026-01-11 00:00:00,2026-01-11 00:00:00,H:\Manifest\My_Device\mini1\00008101-000C74642182001E\2026-01-11\2026-01-11-050832  00_ff,H:\Manifest\My_Device\mini1\00008101-000C74642182001E\2026-01-11\2026-01-11-110631  00_ff,OPAQUE_HIGH_ENTROPY,OPAQUE_HIGH_ENTROPY,NO,NO,NO,NO,NO,-385024,OPAQUE_HIGH_ENTROPY->OPAQUE_HIGH_ENTROPY
mini1,2026-01-11 00:00:00,2026-01-19 00:00:00,H:\Manifest\My_Device\mini1\00008101-000C74642182001E\2026-01-11\2026-01-11-110631  00_ff,H:\Manifest\My_Device\mini1\00008101-000C74642182001E\2026-01-19\Internet_Cafe\2026-01-19-080119  00_ff,OPAQUE_HIGH_ENTROPY,OPAQUE_HIGH_ENTROPY,NO,NO,NO,NO,NO,-368640,OPAQUE_HIGH_ENTROPY->OPAQUE_HIGH_ENTROPY
mini1,2026-01-19 00:00:00,2026-02-12 00:00:00,H:\Manifest\My_Device\mini1\00008101-000C74642182001E\2026-01-19\Internet_Cafe\2026-01-19-080119  00_ff,H:\Manifest\My_Device\mini1\00008101-000C74642182001E\2026-02-12\2026-02-12-001128  00_ff,OPAQUE_HIGH_ENTROPY,SQLITE_HEADER,NO,YES,NO,NO,NO,-4882448,OPAQUE_HIGH_ENTROPY->SQLITE_HEADER
mini1,2026-02-12 00:00:00,2026-02-12 00:00:00,H:\Manifest\My_Device\mini1\00008101-000C74642182001E\2026-02-12\2026-02-12-001128  00_ff,H:\Manifest\My_Device\mini1\00008101-000C74642182001E\2026-02-12\2026-02-12-113949  00_ff,SQLITE_HEADER,OPAQUE_HIGH_ENTROPY,YES,NO,NO,NO,NO,5881872,SQLITE_HEADER->OPAQUE_HIGH_ENTROPY
mini1,2026-02-12 00:00:00,2026-02-13 00:00:00,H:\Manifest\My_Device\mini1\00008101-000C74642182001E\2026-02-12\2026-02-12-113949  00_ff,H:\Manifest\My_Device\mini1\00008101-000C74642182001E\2026-02-13\My_PC\2026-02-13-035117  00_ff,OPAQUE_HIGH_ENTROPY,SQLITE_HEADER,NO,YES,NO,NO,NO,-5615632,OPAQUE_HIGH_ENTROPY->SQLITE_HEADER
mini1,2026-02-13 00:00:00,2026-02-13 00:00:00,H:\Manifest\My_Device\mini1\00008101-000C74642182001E\2026-02-13\My_PC\2026-02-13-035117  00_ff,H:\Manifest\My_Device\mini1\00008101-000C74642182001E\2026-02-13\My_PC\2026-02-13-040555  00_ff,SQLITE_HEADER,SQLITE_HEADER,YES,YES,NO,NO,NO,-151552,SQLITE_HEADER->SQLITE_HEADER
mini1,2026-02-13 00:00:00,2026-02-14 00:00:00,H:\Manifest\My_Device\mini1\00008101-000C74642182001E\2026-02-13\My_PC\2026-02-13-040555  00_ff,H:\Manifest\My_Device\mini1\00008101-000C74642182001E\2026-02-14\2026-02-14-091409  00_ff,SQLITE_HEADER,SQLITE_HEADER,YES,YES,NO,NO,NO,-684032,SQLITE_HEADER->SQLITE_HEADER
mini1,2026-02-14 00:00:00,2026-02-14 00:00:00,H:\Manifest\My_Device\mini1\00008101-000C74642182001E\2026-02-14\2026-02-14-091409  00_ff,H:\Manifest\My_Device\mini1\00008101-000C74642182001E\2026-02-14\2026-02-14-142935  00_ff,SQLITE_HEADER,OPAQUE_HIGH_ENTROPY,YES,NO,NO,NO,NO,5804048,SQLITE_HEADER->OPAQUE_HIGH_ENTROPY
mini1,2026-02-14 00:00:00,2026-02-14 00:00:00,H:\Manifest\My_Device\mini1\00008101-000C74642182001E\2026-02-14\2026-02-14-142935  00_ff,H:\Manifest\My_Device\mini1\00008101-000C74642182001E\2026-02-14\2026-02-14-160321  00_ff,OPAQUE_HIGH_ENTROPY,OPAQUE_HIGH_ENTROPY,NO,NO,NO,NO,NO,-40960,OPAQUE_HIGH_ENTROPY->OPAQUE_HIGH_ENTROPY
mini1,2026-02-14 00:00:00,2026-02-15 00:00:00,H:\Manifest\My_Device\mini1\00008101-000C74642182001E\2026-02-14\2026-02-14-160321  00_ff,H:\Manifest\My_Device\mini1\00008101-000C74642182001E\2026-02-15\My_PC\2026-02-15-005034  00_ff,OPAQUE_HIGH_ENTROPY,OPAQUE_HIGH_ENTROPY,NO,NO,NO,NO,NO,303104,OPAQUE_HIGH_ENTROPY->OPAQUE_HIGH_ENTROPY
mini1,2026-02-15 00:00:00,2026-02-16 00:00:00,H:\Manifest\My_Device\mini1\00008101-000C74642182001E\2026-02-15\My_PC\2026-02-15-005034  00_ff,H:\Manifest\My_Device\mini1\00008101-000C74642182001E\2026-02-16\2026-02-16-002509  00_ff,OPAQUE_HIGH_ENTROPY,OPAQUE_HIGH_ENTROPY,NO,NO,NO,NO,NO,-397312,OPAQUE_HIGH_ENTROPY->OPAQUE_HIGH_ENTROPY
mini1,2026-02-16 00:00:00,2026-02-16 00:00:00,H:\Manifest\My_Device\mini1\00008101-000C74642182001E\2026-02-16\2026-02-16-002509  00_ff,H:\Manifest\My_Device\mini1\00008101-000C74642182001E\2026-02-16\2026-02-16-005933  00_ff,OPAQUE_HIGH_ENTROPY,OPAQUE_HIGH_ENTROPY,NO,NO,NO,NO,NO,32768,OPAQUE_HIGH_ENTROPY->OPAQUE_HIGH_ENTROPY
mini1,2026-02-16 00:00:00,2026-02-17 00:00:00,H:\Manifest\My_Device\mini1\00008101-000C74642182001E\2026-02-16\2026-02-16-005933  00_ff,H:\Manifest\My_Device\mini1\00008101-000C74642182001E\2026-02-17\2026-02-17-055505  00_ff,OPAQUE_HIGH_ENTROPY,OPAQUE_HIGH_ENTROPY,NO,NO,NO,NO,NO,-593920,OPAQUE_HIGH_ENTROPY->OPAQUE_HIGH_ENTROPY
mini1,2026-02-17 00:00:00,2026-02-18 00:00:00,H:\Manifest\My_Device\mini1\00008101-000C74642182001E\2026-02-17\2026-02-17-055505  00_ff,H:\Manifest\My_Device\mini1\00008101-000C74642182001E\2026-02-18\- 2026-02-18-182906  00_ff -,OPAQUE_HIGH_ENTROPY,OPAQUE_HIGH_ENTROPY,NO,NO,NO,NO,NO,40960,OPAQUE_HIGH_ENTROPY->OPAQUE_HIGH_ENTROPY
mini1,2026-02-18 00:00:00,2026-02-18 00:00:00,H:\Manifest\My_Device\mini1\00008101-000C74642182001E\2026-02-18\- 2026-02-18-182906  00_ff -,H:\Manifest\My_Device\mini1\00008101-000C74642182001E\2026-02-18\- 2026-02-18-182906  解析済み -\2026-02-18-182906,OPAQUE_HIGH_ENTROPY,OPAQUE_HIGH_ENTROPY,NO,NO,YES,YES,YES,0,OPAQUE_HIGH_ENTROPY->OPAQUE_HIGH_ENTROPY
mini1,2026-02-18 00:00:00,2026-02-18 00:00:00,H:\Manifest\My_Device\mini1\00008101-000C74642182001E\2026-02-18\- 2026-02-18-182906  解析済み -\2026-02-18-182906,H:\Manifest\My_Device\mini1\00008101-000C74642182001E\2026-02-18\2026-02-18-200323  00_ff,OPAQUE_HIGH_ENTROPY,OPAQUE_HIGH_ENTROPY,NO,NO,NO,NO,NO,-327680,OPAQUE_HIGH_ENTROPY->OPAQUE_HIGH_ENTROPY
mini1,2026-02-18 00:00:00,2026-02-22 00:00:00,H:\Manifest\My_Device\mini1\00008101-000C74642182001E\2026-02-18\2026-02-18-200323  00_ff,H:\Manifest\My_Device\mini1\00008101-000C74642182001E\2026-02-22\2026-02-22-002731  00_ff,OPAQUE_HIGH_ENTROPY,SQLITE_HEADER,NO,YES,NO,NO,NO,-5189648,OPAQUE_HIGH_ENTROPY->SQLITE_HEADER
mini1,2026-02-22 00:00:00,2026-02-22 00:00:00,H:\Manifest\My_Device\mini1\00008101-000C74642182001E\2026-02-22\2026-02-22-002731  00_ff,H:\Manifest\My_Device\mini1\00008101-000C74642182001E\2026-02-22\2026-02-22-111437  00_ff,SQLITE_HEADER,SQLITE_HEADER,YES,YES,NO,NO,NO,-4096,SQLITE_HEADER->SQLITE_HEADER
mini1,2026-02-22 00:00:00,2026-03-03 01:14:04,H:\Manifest\My_Device\mini1\00008101-000C74642182001E\2026-02-22\2026-02-22-111437  00_ff,H:\Manifest\My_Device\mini1\00008101-000C74642182001E\2026-03-03-011404  no,SQLITE_HEADER,SQLITE_HEADER,YES,YES,NO,NO,NO,1200128,SQLITE_HEADER->SQLITE_HEADER
mini2,2025-12-25 00:00:00,2025-12-26 00:00:00,H:\Manifest\My_Device\mini2\00008101-001D0D192644001E\2025-12-25\2025-12-25-190914  00_ff,H:\Manifest\My_Device\mini2\00008101-001D0D192644001E\2025-12-26\- 2025-12-25  (0d_fd-00_ff) -,OPAQUE_HIGH_ENTROPY,OPAQUE_HIGH_ENTROPY,NO,NO,NO,NO,NO,884736,OPAQUE_HIGH_ENTROPY->OPAQUE_HIGH_ENTROPY
mini2,2025-12-26 00:00:00,2025-12-26 00:00:00,H:\Manifest\My_Device\mini2\00008101-001D0D192644001E\2025-12-26\- 2025-12-25  (0d_fd-00_ff) -,H:\Manifest\My_Device\mini2\00008101-001D0D192644001E\2025-12-26\- 2025-12-26-115517  0d_fd -,OPAQUE_HIGH_ENTROPY,OPAQUE_HIGH_ENTROPY,NO,NO,YES,YES,YES,0,OPAQUE_HIGH_ENTROPY->OPAQUE_HIGH_ENTROPY
mini2,2025-12-26 00:00:00,2025-12-26 00:00:00,H:\Manifest\My_Device\mini2\00008101-001D0D192644001E\2025-12-26\- 2025-12-26-115517  0d_fd -,H:\Manifest\My_Device\mini2\00008101-001D0D192644001E\2025-12-26\2025-12-26-035746  2b_fa,OPAQUE_HIGH_ENTROPY,OPAQUE_HIGH_ENTROPY,NO,NO,NO,NO,NO,-4096,OPAQUE_HIGH_ENTROPY->OPAQUE_HIGH_ENTROPY
mini2,2025-12-26 00:00:00,2026-01-02 00:00:00,H:\Manifest\My_Device\mini2\00008101-001D0D192644001E\2025-12-26\2025-12-26-035746  2b_fa,H:\Manifest\My_Device\mini2\00008101-001D0D192644001E\2026-01-02\2026-01-02-165734  00_ff,OPAQUE_HIGH_ENTROPY,OPAQUE_HIGH_ENTROPY,NO,NO,NO,NO,NO,-380928,OPAQUE_HIGH_ENTROPY->OPAQUE_HIGH_ENTROPY
mini2,2026-01-02 00:00:00,2026-01-02 00:00:00,H:\Manifest\My_Device\mini2\00008101-001D0D192644001E\2026-01-02\2026-01-02-165734  00_ff,H:\Manifest\My_Device\mini2\00008101-001D0D192644001E\2026-01-02\2026-01-02-170556  01_fe,OPAQUE_HIGH_ENTROPY,OPAQUE_HIGH_ENTROPY,NO,NO,NO,NO,NO,794624,OPAQUE_HIGH_ENTROPY->OPAQUE_HIGH_ENTROPY
mini2,2026-01-02 00:00:00,2026-01-02 00:00:00,H:\Manifest\My_Device\mini2\00008101-001D0D192644001E\2026-01-02\2026-01-02-170556  01_fe,H:\Manifest\My_Device\mini2\00008101-001D0D192644001E\2026-01-02\2026-01-02-175159  0f_fa,OPAQUE_HIGH_ENTROPY,OPAQUE_HIGH_ENTROPY,NO,NO,NO,NO,NO,-28672,OPAQUE_HIGH_ENTROPY->OPAQUE_HIGH_ENTROPY
mini2,2026-01-02 00:00:00,2026-01-02 00:00:00,H:\Manifest\My_Device\mini2\00008101-001D0D192644001E\2026-01-02\2026-01-02-175159  0f_fa,H:\Manifest\My_Device\mini2\00008101-001D0D192644001E\2026-01-02\2026-01-02-180439  02_fa,OPAQUE_HIGH_ENTROPY,OPAQUE_HIGH_ENTROPY,NO,NO,NO,NO,NO,40960,OPAQUE_HIGH_ENTROPY->OPAQUE_HIGH_ENTROPY
mini2,2026-01-02 00:00:00,2026-01-03 00:00:00,H:\Manifest\My_Device\mini2\00008101-001D0D192644001E\2026-01-02\2026-01-02-180439  02_fa,H:\Manifest\My_Device\mini2\00008101-001D0D192644001E\2026-01-03\2026-01-03  (0e_fd-00_ff),OPAQUE_HIGH_ENTROPY,OPAQUE_HIGH_ENTROPY,NO,NO,NO,NO,NO,-110592,OPAQUE_HIGH_ENTROPY->OPAQUE_HIGH_ENTROPY
mini2,2026-01-03 00:00:00,2026-01-03 00:00:00,H:\Manifest\My_Device\mini2\00008101-001D0D192644001E\2026-01-03\2026-01-03  (0e_fd-00_ff),H:\Manifest\My_Device\mini2\00008101-001D0D192644001E\2026-01-03\2026-01-03-051650  0e_fd,OPAQUE_HIGH_ENTROPY,OPAQUE_HIGH_ENTROPY,NO,NO,YES,YES,YES,0,OPAQUE_HIGH_ENTROPY->OPAQUE_HIGH_ENTROPY
mini2,2026-01-03 00:00:00,2026-01-12 00:00:00,H:\Manifest\My_Device\mini2\00008101-001D0D192644001E\2026-01-03\2026-01-03-051650  0e_fd,H:\Manifest\My_Device\mini2\00008101-001D0D192644001E\2026-01-12\2026-01-12-014900  00_ff,OPAQUE_HIGH_ENTROPY,OPAQUE_HIGH_ENTROPY,NO,NO,NO,NO,NO,-24125440,OPAQUE_HIGH_ENTROPY->OPAQUE_HIGH_ENTROPY
mini2,2026-01-12 00:00:00,2026-01-12 00:00:00,H:\Manifest\My_Device\mini2\00008101-001D0D192644001E\2026-01-12\2026-01-12-014900  00_ff,H:\Manifest\My_Device\mini2\00008101-001D0D192644001E\2026-01-12\2026-01-12-031000  00_ff,OPAQUE_HIGH_ENTROPY,OPAQUE_HIGH_ENTROPY,NO,NO,NO,NO,NO,-73728,OPAQUE_HIGH_ENTROPY->OPAQUE_HIGH_ENTROPY
