端末推定,日付,storage_memory_pressure,logging_deletion_rotation,capture_preservation_failure,backup_snapshot_failure,thermal_power_crash_reset,content_trigger_chain,spotlight_suggestion_sync_chain,policy_restriction_state,pressure_score,trigger_chain_score,combined_suppression_score,cooccurrence_assessment
12G,2025-10-22,573,18882,31,5216,13324,2,4364,7,76656,8748,85404,STRONG_TRIGGER_PRESSURE_COUPLING
mini1,2025-10-16,2503,733,841,2453,4413,2532,1333,606,25230,11474,36704,STRONG_TRIGGER_PRESSURE_COUPLING
mini1,2025-10-17,3391,566,1031,2441,3630,2044,1405,539,26540,10020,36560,STRONG_TRIGGER_PRESSURE_COUPLING
12G,2025-10-23,3874,62,41,1060,187,11,312,36,14363,729,15092,STRONG_TRIGGER_PRESSURE_COUPLING
12G,2025-10-06,3506,553,10,348,572,16,587,37,13494,1296,14790,STRONG_TRIGGER_PRESSURE_COUPLING
mini1,2025-10-01,1379,260,300,1146,1925,301,857,95,11699,2807,14506,STRONG_TRIGGER_PRESSURE_COUPLING
15G,2025-11-12,3605,119,40,45,157,14,503,41,11577,1130,12707,STRONG_TRIGGER_PRESSURE_COUPLING
12G,2025-10-30,1543,35,34,3574,115,6,230,21,12179,520,12699,STRONG_TRIGGER_PRESSURE_COUPLING
12G,2025-11-14,3331,102,37,360,219,10,315,34,11466,728,12194,STRONG_TRIGGER_PRESSURE_COUPLING
12G,2025-10-27,2935,63,39,907,127,8,264,30,11116,612,11728,STRONG_TRIGGER_PRESSURE_COUPLING
12G,2025-10-19,2432,99,41,501,422,9,478,15,9463,1013,10476,STRONG_TRIGGER_PRESSURE_COUPLING
12G,2025-11-01,1544,39,38,1588,117,7,250,21,8234,563,8797,STRONG_TRIGGER_PRESSURE_COUPLING
15G,2025-12-14,2285,90,44,57,162,37,398,40,7605,987,8592,STRONG_TRIGGER_PRESSURE_COUPLING
12G,2025-11-13,1443,27,34,1765,46,4,80,19,8107,210,8317,STRONG_TRIGGER_PRESSURE_COUPLING
12G,2025-10-08,1746,64,37,331,644,8,359,20,7427,782,8209,STRONG_TRIGGER_PRESSURE_COUPLING
12G,2025-10-29,1684,71,38,1001,205,6,200,20,7720,458,8178,STRONG_TRIGGER_PRESSURE_COUPLING
15G,2025-12-05,1734,128,44,321,178,48,603,31,6588,1412,8000,STRONG_TRIGGER_PRESSURE_COUPLING
12G,2025-10-25,1734,31,34,895,288,6,94,16,7732,238,7970,STRONG_TRIGGER_PRESSURE_COUPLING
15G,2025-11-10,2258,75,31,39,60,4,301,28,7215,670,7885,STRONG_TRIGGER_PRESSURE_COUPLING
12G,2025-10-02,1838,87,32,376,295,19,271,19,7126,637,7763,STRONG_TRIGGER_PRESSURE_COUPLING
12G,2025-11-02,1504,33,32,1268,58,6,85,21,7326,230,7556,STRONG_TRIGGER_PRESSURE_COUPLING
15G,2025-10-03,2053,59,14,21,120,20,388,30,6601,896,7497,STRONG_TRIGGER_PRESSURE_COUPLING
12G,2025-10-31,1564,35,37,791,165,25,286,24,6785,695,7480,STRONG_TRIGGER_PRESSURE_COUPLING
12G,2025-10-10,1611,32,37,284,314,13,550,16,6204,1171,7375,STRONG_TRIGGER_PRESSURE_COUPLING
12G,2025-11-11,1778,53,30,535,123,7,219,16,6846,491,7337,STRONG_TRIGGER_PRESSURE_COUPLING
15G,2025-12-13,1768,60,14,110,162,23,583,31,6010,1297,7307,STRONG_TRIGGER_PRESSURE_COUPLING
12G,2025-11-20,1855,32,35,349,130,7,215,22,6692,495,7187,STRONG_TRIGGER_PRESSURE_COUPLING
15G,2025-10-09,1969,32,32,43,83,13,362,33,6319,829,7148,STRONG_TRIGGER_PRESSURE_COUPLING
15G,2025-12-10,1645,65,40,48,143,20,709,34,5567,1546,7113,STRONG_TRIGGER_PRESSURE_COUPLING
15G,2025-12-22,1008,52,38,57,124,31,1582,13,3604,3283,6887,STRONG_TRIGGER_PRESSURE_COUPLING
12G,2025-11-21,1792,35,34,300,116,6,204,23,6380,472,6852,STRONG_TRIGGER_PRESSURE_COUPLING
12G,2025-10-17,1974,32,43,143,50,4,64,21,6501,182,6683,MEDIUM_TRIGGER_PRESSURE_COUPLING
12G,2025-11-22,1795,35,35,112,131,7,235,23,6046,537,6583,STRONG_TRIGGER_PRESSURE_COUPLING
12G,2025-09-22,3,1552,0,333,899,0,358,0,5577,716,6293,STRONG_TRIGGER_PRESSURE_COUPLING
15G,2025-11-28,1485,119,45,61,174,21,435,31,5298,995,6293,STRONG_TRIGGER_PRESSURE_COUPLING
12G,2025-11-16,1835,30,35,166,52,5,60,22,6106,179,6285,MEDIUM_TRIGGER_PRESSURE_COUPLING
15G,2025-12-26,1684,64,35,52,123,18,271,26,5635,648,6283,STRONG_TRIGGER_PRESSURE_COUPLING
12G,2025-11-18,1317,27,33,588,164,2,314,16,5608,666,6274,STRONG_TRIGGER_PRESSURE_COUPLING
12G,2025-10-01,1597,39,37,166,117,6,212,18,5546,478,6024,STRONG_TRIGGER_PRESSURE_COUPLING
12G,2025-10-11,1431,38,36,83,232,6,427,22,5107,916,6023,STRONG_TRIGGER_PRESSURE_COUPLING
12G,2025-11-19,1305,31,32,501,166,22,251,17,5407,602,6009,STRONG_TRIGGER_PRESSURE_COUPLING
12G,2025-10-03,1583,35,4,148,159,7,237,18,5445,531,5976,STRONG_TRIGGER_PRESSURE_COUPLING
12G,2025-10-07,1617,35,39,199,55,7,104,23,5546,275,5821,STRONG_TRIGGER_PRESSURE_COUPLING
12G,2025-10-04,1529,35,34,96,118,9,221,24,5187,517,5704,STRONG_TRIGGER_PRESSURE_COUPLING
15G,2025-12-21,1009,37,38,51,103,18,1027,18,3523,2144,5667,STRONG_TRIGGER_PRESSURE_COUPLING
12G,2025-11-24,1581,40,3,83,101,6,186,18,5200,426,5626,STRONG_TRIGGER_PRESSURE_COUPLING
12G,2025-10-21,1465,31,35,61,112,5,235,15,4908,515,5423,STRONG_TRIGGER_PRESSURE_COUPLING
15G,2025-11-03,1245,84,7,24,125,17,488,24,4222,1075,5297,STRONG_TRIGGER_PRESSURE_COUPLING
12G,2025-10-05,1391,33,34,81,128,6,237,17,4759,526,5285,STRONG_TRIGGER_PRESSURE_COUPLING
15G,2025-12-17,1191,67,34,142,118,14,418,18,4329,914,5243,STRONG_TRIGGER_PRESSURE_COUPLING
12G,2025-11-23,1281,31,32,223,126,7,245,16,4699,543,5242,STRONG_TRIGGER_PRESSURE_COUPLING
15G,2025-10-20,1291,55,33,46,219,20,239,24,4612,586,5198,STRONG_TRIGGER_PRESSURE_COUPLING
15G,2025-10-12,958,82,39,286,362,21,285,13,4451,659,5110,STRONG_TRIGGER_PRESSURE_COUPLING
12G,2025-10-09,1363,33,36,68,103,6,191,18,4605,436,5041,STRONG_TRIGGER_PRESSURE_COUPLING
15G,2025-10-30,464,40,34,400,302,31,934,13,2978,1987,4965,STRONG_TRIGGER_PRESSURE_COUPLING
12G,2025-11-27,1250,35,34,65,85,6,195,17,4222,442,4664,STRONG_TRIGGER_PRESSURE_COUPLING
15G,2025-12-12,1045,57,33,40,120,17,427,18,3668,941,4609,STRONG_TRIGGER_PRESSURE_COUPLING
15G,2025-11-02,1116,47,38,47,78,13,326,21,3806,733,4539,STRONG_TRIGGER_PRESSURE_COUPLING
15G,2025-10-11,1051,58,41,55,117,27,299,15,3736,709,4445,STRONG_TRIGGER_PRESSURE_COUPLING
iPhone11Pro,2025-11-10,1187,56,37,50,111,14,120,25,4106,332,4438,STRONG_TRIGGER_PRESSURE_COUPLING
15G,2025-12-23,764,41,34,50,84,14,793,16,2744,1660,4404,STRONG_TRIGGER_PRESSURE_COUPLING
12G,2025-11-05,386,22,32,1093,61,16,320,13,3606,714,4320,STRONG_TRIGGER_PRESSURE_COUPLING
15G,2025-12-29,977,43,35,46,115,15,393,17,3444,865,4309,STRONG_TRIGGER_PRESSURE_COUPLING
12G,2025-11-04,426,22,34,1299,50,6,62,14,4122,170,4292,MEDIUM_TRIGGER_PRESSURE_COUPLING
mini1,2025-10-02,353,83,48,447,489,61,373,46,3241,1021,4262,STRONG_TRIGGER_PRESSURE_COUPLING
15G,2025-12-04,995,44,41,53,152,11,269,22,3606,615,4221,STRONG_TRIGGER_PRESSURE_COUPLING
15G,2025-10-28,965,34,42,53,111,12,354,17,3417,778,4195,STRONG_TRIGGER_PRESSURE_COUPLING
15G,2025-12-19,620,51,40,45,246,14,707,14,2664,1484,4148,STRONG_TRIGGER_PRESSURE_COUPLING
12G,2025-11-08,8,8,32,1823,40,3,128,8,3862,281,4143,STRONG_TRIGGER_PRESSURE_COUPLING
12G,2025-11-03,368,30,33,1057,65,7,243,13,3507,533,4040,STRONG_TRIGGER_PRESSURE_COUPLING
12G,2025-11-07,394,22,33,1089,51,5,174,13,3605,389,3994,STRONG_TRIGGER_PRESSURE_COUPLING
15G,2025-12-16,882,46,36,47,98,15,361,21,3136,809,3945,STRONG_TRIGGER_PRESSURE_COUPLING
12G,2025-12-19,1005,35,33,39,78,6,193,28,3418,460,3878,STRONG_TRIGGER_PRESSURE_COUPLING
15G,2025-10-04,847,50,41,51,109,11,295,24,3084,671,3755,STRONG_TRIGGER_PRESSURE_COUPLING
iPhone11Pro,2025-10-09,830,38,31,46,136,133,118,18,3023,671,3694,STRONG_TRIGGER_PRESSURE_COUPLING
15G,2025-11-17,828,66,36,43,167,20,223,13,3144,532,3676,STRONG_TRIGGER_PRESSURE_COUPLING
15G,2025-12-27,1017,38,30,46,73,7,80,17,3455,215,3670,STRONG_TRIGGER_PRESSURE_COUPLING
12G,2025-12-23,965,35,32,40,63,6,164,23,3267,392,3659,STRONG_TRIGGER_PRESSURE_COUPLING
15G,2025-10-16,587,29,45,255,140,17,418,14,2744,915,3659,STRONG_TRIGGER_PRESSURE_COUPLING
12G,2025-11-06,335,23,33,985,57,6,178,12,3234,398,3632,STRONG_TRIGGER_PRESSURE_COUPLING
15G,2025-12-25,850,252,7,5,87,32,108,11,3259,334,3593,STRONG_TRIGGER_PRESSURE_COUPLING
12G,2025-12-13,800,68,38,45,131,18,211,21,3002,518,3520,STRONG_TRIGGER_PRESSURE_COUPLING
15G,2025-11-13,810,40,39,41,71,10,294,15,2851,648,3499,STRONG_TRIGGER_PRESSURE_COUPLING
15G,2025-10-24,742,36,36,50,147,104,148,10,2800,628,3428,STRONG_TRIGGER_PRESSURE_COUPLING
iPhone11Pro,2025-11-28,748,55,35,218,135,10,95,17,3165,254,3419,STRONG_TRIGGER_PRESSURE_COUPLING
iPhone11Pro,2025-12-14,841,36,37,113,81,12,89,18,3094,250,3344,STRONG_TRIGGER_PRESSURE_COUPLING
12G,2025-11-17,8,12,27,1375,88,2,137,2,3055,284,3339,STRONG_TRIGGER_PRESSURE_COUPLING
15G,2025-11-24,686,91,30,44,77,13,349,13,2572,763,3335,STRONG_TRIGGER_PRESSURE_COUPLING
12G,2025-11-30,800,36,36,43,63,8,199,19,2792,460,3252,STRONG_TRIGGER_PRESSURE_COUPLING
15G,2025-12-15,722,43,37,105,132,9,175,17,2837,411,3248,STRONG_TRIGGER_PRESSURE_COUPLING
12G,2025-12-10,800,37,35,39,62,8,172,22,2781,412,3193,STRONG_TRIGGER_PRESSURE_COUPLING
iPhone11Pro,2025-12-15,763,67,33,117,114,8,77,15,2984,208,3192,STRONG_TRIGGER_PRESSURE_COUPLING
iPhone11Pro,2025-10-22,857,36,31,40,59,11,83,18,2934,235,3169,STRONG_TRIGGER_PRESSURE_COUPLING
mini1,2025-10-19,610,258,2,94,156,17,106,8,2852,279,3131,STRONG_TRIGGER_PRESSURE_COUPLING
15G,2025-12-31,696,100,35,47,90,8,185,13,2667,420,3087,STRONG_TRIGGER_PRESSURE_COUPLING
15G,2025-10-31,749,38,32,44,69,10,190,15,2645,440,3085,STRONG_TRIGGER_PRESSURE_COUPLING
iPhone11Pro,2025-11-19,689,34,35,202,90,5,87,19,2824,227,3051,STRONG_TRIGGER_PRESSURE_COUPLING
15G,2025-12-01,678,41,34,47,91,10,249,14,2494,556,3050,STRONG_TRIGGER_PRESSURE_COUPLING
15G,2025-12-20,362,31,32,53,107,8,720,9,1564,1482,3046,STRONG_TRIGGER_PRESSURE_COUPLING
15G,2025-10-15,305,22,38,352,73,301,74,9,1923,1069,2992,STRONG_TRIGGER_PRESSURE_COUPLING
12G,2025-10-26,181,8,31,822,118,9,195,8,2532,433,2965,STRONG_TRIGGER_PRESSURE_COUPLING
15G,2025-12-07,691,32,38,45,75,8,202,16,2491,460,2951,STRONG_TRIGGER_PRESSURE_COUPLING
mini1,2025-10-18,548,26,2,109,39,20,433,8,1998,942,2940,STRONG_TRIGGER_PRESSURE_COUPLING
iPhone11Pro,2025-11-16,406,19,29,571,104,9,87,9,2693,219,2912,STRONG_TRIGGER_PRESSURE_COUPLING
15G,2025-10-02,634,26,30,39,64,9,295,14,2250,645,2895,STRONG_TRIGGER_PRESSURE_COUPLING
15G,2025-12-24,714,60,29,41,86,10,116,13,2603,288,2891,STRONG_TRIGGER_PRESSURE_COUPLING
15G,2025-10-29,350,56,39,45,99,15,582,9,1567,1227,2794,STRONG_TRIGGER_PRESSURE_COUPLING
15G,2025-12-08,445,54,5,22,188,11,396,10,1878,845,2723,STRONG_TRIGGER_PRESSURE_COUPLING
15G,2025-11-16,541,34,31,171,74,8,196,6,2274,428,2702,STRONG_TRIGGER_PRESSURE_COUPLING
15G,2025-10-22,591,29,38,42,80,9,229,10,2189,505,2694,STRONG_TRIGGER_PRESSURE_COUPLING
15G,2025-11-27,491,36,36,130,96,13,240,13,2105,545,2650,STRONG_TRIGGER_PRESSURE_COUPLING
15G,2025-11-04,332,34,40,82,472,18,138,7,2292,344,2636,STRONG_TRIGGER_PRESSURE_COUPLING
mini1,2025-10-14,631,34,4,2,52,120,69,6,2081,510,2591,STRONG_TRIGGER_PRESSURE_COUPLING
15G,2025-11-21,613,30,33,44,90,8,115,12,2266,278,2544,STRONG_TRIGGER_PRESSURE_COUPLING
iPhone11Pro,2025-10-18,554,32,65,89,83,8,99,14,2265,250,2515,STRONG_TRIGGER_PRESSURE_COUPLING
12G,2025-10-18,325,37,31,265,201,6,188,6,2074,406,2480,STRONG_TRIGGER_PRESSURE_COUPLING
15G,2025-12-03,507,24,34,42,73,7,260,8,1901,557,2458,STRONG_TRIGGER_PRESSURE_COUPLING
iPhone11Pro,2025-11-13,346,35,35,416,83,22,68,11,2211,224,2435,STRONG_TRIGGER_PRESSURE_COUPLING
12G,2025-11-09,460,20,33,248,55,5,115,16,2125,277,2402,STRONG_TRIGGER_PRESSURE_COUPLING
iPhone11Pro,2025-10-04,615,31,29,40,52,7,76,14,2178,201,2379,STRONG_TRIGGER_PRESSURE_COUPLING
15G,2025-12-11,330,18,35,44,69,13,481,6,1357,1013,2370,STRONG_TRIGGER_PRESSURE_COUPLING
12G,2025-12-07,482,67,30,39,72,7,186,13,1892,419,2311,STRONG_TRIGGER_PRESSURE_COUPLING
15G,2025-11-30,324,18,32,39,70,6,461,7,1322,954,2276,STRONG_TRIGGER_PRESSURE_COUPLING
12G,2025-12-12,472,23,32,42,76,7,214,12,1794,473,2267,STRONG_TRIGGER_PRESSURE_COUPLING
12G,2025-12-24,439,26,34,48,81,8,233,13,1729,516,2245,STRONG_TRIGGER_PRESSURE_COUPLING
15G,2025-10-23,323,18,35,41,101,7,402,8,1394,841,2235,STRONG_TRIGGER_PRESSURE_COUPLING
12G,2025-10-16,140,13,4,213,321,9,336,3,1526,705,2231,STRONG_TRIGGER_PRESSURE_COUPLING
15G,2025-12-09,362,21,36,44,69,7,361,8,1462,759,2221,STRONG_TRIGGER_PRESSURE_COUPLING
12G,2025-10-24,193,11,47,428,104,2,180,11,1806,388,2194,STRONG_TRIGGER_PRESSURE_COUPLING
12G,2025-10-13,6,326,34,144,295,2,252,10,1650,530,2180,STRONG_TRIGGER_PRESSURE_COUPLING
12G,2025-12-17,501,23,32,38,51,6,151,18,1823,356,2179,STRONG_TRIGGER_PRESSURE_COUPLING
15G,2025-11-01,352,27,7,21,82,95,268,9,1337,839,2176,STRONG_TRIGGER_PRESSURE_COUPLING
12G,2025-12-16,501,24,35,40,56,4,136,18,1848,320,2168,STRONG_TRIGGER_PRESSURE_COUPLING
15G,2025-10-17,282,26,41,244,79,7,232,8,1667,501,2168,STRONG_TRIGGER_PRESSURE_COUPLING
15G,2025-11-07,415,24,31,41,78,7,242,12,1624,529,2153,STRONG_TRIGGER_PRESSURE_COUPLING
15G,2025-12-18,491,25,35,48,71,6,121,12,1866,284,2150,STRONG_TRIGGER_PRESSURE_COUPLING
iPhone11Pro,2025-12-17,454,23,31,139,75,8,65,11,1929,176,2105,MEDIUM_TRIGGER_PRESSURE_COUPLING
mini1,2025-10-13,492,161,4,2,39,15,55,7,1892,169,2061,MEDIUM_TRIGGER_PRESSURE_COUPLING
iPhone11Pro,2025-12-24,308,19,34,289,83,7,106,7,1808,247,2055,STRONG_TRIGGER_PRESSURE_COUPLING
iPhone11Pro,2025-11-30,388,22,33,121,164,7,65,9,1877,169,2046,MEDIUM_TRIGGER_PRESSURE_COUPLING
15G,2025-10-19,428,23,34,40,64,5,179,10,1640,393,2033,STRONG_TRIGGER_PRESSURE_COUPLING
15G,2025-11-19,353,21,37,41,71,7,276,9,1436,591,2027,STRONG_TRIGGER_PRESSURE_COUPLING
15G,2025-10-25,305,14,35,41,61,7,364,8,1252,765,2017,STRONG_TRIGGER_PRESSURE_COUPLING
15G,2025-11-14,395,27,33,44,62,5,217,9,1550,467,2017,STRONG_TRIGGER_PRESSURE_COUPLING
iPhone11Pro,2025-12-12,526,20,34,33,52,4,45,8,1890,118,2008,MEDIUM_TRIGGER_PRESSURE_COUPLING
iPhone11Pro,2025-11-05,441,22,29,36,138,9,74,15,1802,205,2007,STRONG_TRIGGER_PRESSURE_COUPLING
12G,2025-12-31,463,20,29,35,39,4,152,11,1664,338,2002,STRONG_TRIGGER_PRESSURE_COUPLING
15G,2025-11-25,330,16,29,38,65,7,326,7,1315,687,2002,STRONG_TRIGGER_PRESSURE_COUPLING
15G,2025-11-11,355,16,35,43,116,6,214,11,1520,468,1988,STRONG_TRIGGER_PRESSURE_COUPLING
15G,2025-10-05,266,18,35,42,108,8,345,6,1239,726,1965,STRONG_TRIGGER_PRESSURE_COUPLING
15G,2025-10-07,364,22,36,47,68,11,218,11,1474,491,1965,STRONG_TRIGGER_PRESSURE_COUPLING
12G,2025-12-15,484,28,32,46,61,4,49,18,1818,146,1964,MEDIUM_TRIGGER_PRESSURE_COUPLING
15G,2025-11-08,380,26,34,46,70,6,198,9,1526,432,1958,STRONG_TRIGGER_PRESSURE_COUPLING
15G,2025-10-21,438,27,30,41,71,5,107,10,1682,249,1931,STRONG_TRIGGER_PRESSURE_COUPLING
12G,2025-12-25,479,23,34,45,52,3,53,18,1779,151,1930,MEDIUM_TRIGGER_PRESSURE_COUPLING
iPhone11Pro,2025-11-02,462,26,28,43,70,6,52,19,1748,160,1908,MEDIUM_TRIGGER_PRESSURE_COUPLING
iPhone11Pro,2025-12-18,343,23,28,233,75,8,47,7,1775,132,1907,MEDIUM_TRIGGER_PRESSURE_COUPLING
iPhone11Pro,2025-10-20,446,28,32,43,70,8,65,12,1716,178,1894,MEDIUM_TRIGGER_PRESSURE_COUPLING
12G,2025-12-11,478,20,34,35,33,4,65,15,1712,172,1884,MEDIUM_TRIGGER_PRESSURE_COUPLING
15G,2025-11-20,336,27,40,41,63,6,221,7,1390,474,1864,STRONG_TRIGGER_PRESSURE_COUPLING
iPad,2025-12-14,465,20,42,47,52,4,37,9,1759,104,1863,MEDIUM_TRIGGER_PRESSURE_COUPLING
iPhone11Pro,2025-12-13,338,22,38,143,107,9,75,7,1672,191,1863,MEDIUM_TRIGGER_PRESSURE_COUPLING
12G,2025-12-26,389,36,35,42,49,3,148,15,1526,335,1861,STRONG_TRIGGER_PRESSURE_COUPLING
15G,2025-12-06,420,36,37,44,74,7,56,12,1679,157,1836,MEDIUM_TRIGGER_PRESSURE_COUPLING
15G,2025-11-05,294,26,31,95,86,16,187,7,1389,436,1825,STRONG_TRIGGER_PRESSURE_COUPLING
iPhone11Pro,2025-12-30,403,25,33,113,58,5,43,8,1700,117,1817,MEDIUM_TRIGGER_PRESSURE_COUPLING
iPhone11Pro,2025-11-29,388,22,31,121,75,4,44,11,1693,122,1815,MEDIUM_TRIGGER_PRESSURE_COUPLING
iPhone11Pro,2025-12-29,391,22,31,135,51,5,48,10,1682,131,1813,MEDIUM_TRIGGER_PRESSURE_COUPLING
iPhone11Pro,2025-12-25,434,22,4,98,60,5,49,8,1674,129,1803,MEDIUM_TRIGGER_PRESSURE_COUPLING
12G,2025-11-26,346,21,33,75,44,6,171,12,1417,384,1801,STRONG_TRIGGER_PRESSURE_COUPLING
iPhone11Pro,2025-10-06,405,29,28,45,95,7,59,11,1637,161,1798,MEDIUM_TRIGGER_PRESSURE_COUPLING
iPhone11Pro,2025-12-28,378,23,31,113,55,5,70,8,1609,171,1780,MEDIUM_TRIGGER_PRESSURE_COUPLING
12G,2025-11-25,376,21,34,48,50,5,134,13,1468,309,1777,STRONG_TRIGGER_PRESSURE_COUPLING
12G,2025-12-21,362,24,33,34,62,7,152,13,1425,351,1776,STRONG_TRIGGER_PRESSURE_COUPLING
15G,2025-11-15,328,17,33,38,51,5,218,8,1295,467,1762,STRONG_TRIGGER_PRESSURE_COUPLING
iPhone11Pro,2025-10-01,365,31,36,44,97,8,89,6,1547,214,1761,STRONG_TRIGGER_PRESSURE_COUPLING
iPhone11Pro,2025-10-27,396,39,31,42,79,6,59,10,1601,156,1757,MEDIUM_TRIGGER_PRESSURE_COUPLING
iPhone11Pro,2025-12-01,417,25,32,50,72,5,37,11,1641,111,1752,MEDIUM_TRIGGER_PRESSURE_COUPLING
12G,2025-11-29,342,21,34,39,45,6,180,13,1338,404,1742,STRONG_TRIGGER_PRESSURE_COUPLING
iPad,2025-12-13,460,18,37,35,22,2,37,8,1641,96,1737,MEDIUM_TRIGGER_PRESSURE_COUPLING
iPad,2025-10-01,422,17,41,44,48,8,36,10,1607,116,1723,MEDIUM_TRIGGER_PRESSURE_COUPLING
iPhone11Pro,2025-10-25,332,47,28,39,158,9,56,8,1568,155,1723,MEDIUM_TRIGGER_PRESSURE_COUPLING
15G,2025-11-18,318,19,32,45,63,4,196,7,1304,418,1722,STRONG_TRIGGER_PRESSURE_COUPLING
iPhone11Pro,2025-11-24,328,30,32,136,81,4,59,7,1574,144,1718,MEDIUM_TRIGGER_PRESSURE_COUPLING
15G,2025-10-10,390,17,2,2,39,6,197,5,1292,422,1714,STRONG_TRIGGER_PRESSURE_COUPLING
iPhone11Pro,2025-12-16,332,22,36,121,97,6,46,7,1584,124,1708,MEDIUM_TRIGGER_PRESSURE_COUPLING
iPhone11Pro,2025-11-01,363,45,31,42,86,6,66,12,1528,174,1702,MEDIUM_TRIGGER_PRESSURE_COUPLING
iPhone11Pro,2025-11-26,323,21,32,125,90,6,65,7,1537,162,1699,MEDIUM_TRIGGER_PRESSURE_COUPLING
12G,2025-10-15,5,3,47,243,160,2,353,8,968,728,1696,MEDIUM_TRIGGER_PRESSURE_COUPLING
15G,2025-10-26,323,21,29,39,49,7,191,8,1274,419,1693,STRONG_TRIGGER_PRESSURE_COUPLING
12G,2025-11-28,345,22,29,41,48,6,157,7,1344,346,1690,STRONG_TRIGGER_PRESSURE_COUPLING
iPhone11Pro,2025-12-27,317,24,29,137,46,5,97,8,1452,225,1677,STRONG_TRIGGER_PRESSURE_COUPLING
iPhone11Pro,2025-10-03,369,21,31,46,86,8,60,11,1506,166,1672,MEDIUM_TRIGGER_PRESSURE_COUPLING
iPhone11Pro,2025-11-23,322,22,33,122,95,5,47,7,1543,123,1666,MEDIUM_TRIGGER_PRESSURE_COUPLING
mini1,2025-10-10,470,28,2,1,22,9,51,7,1518,143,1661,MEDIUM_TRIGGER_PRESSURE_COUPLING
iPhone11Pro,2025-11-21,325,20,32,129,70,5,57,10,1509,149,1658,MEDIUM_TRIGGER_PRESSURE_COUPLING
12G,2025-10-28,6,8,31,415,132,3,203,8,1221,431,1652,STRONG_TRIGGER_PRESSURE_COUPLING
iPhone11Pro,2025-12-21,346,20,31,123,58,4,43,8,1533,114,1647,MEDIUM_TRIGGER_PRESSURE_COUPLING
15G,2025-10-08,267,17,35,44,50,7,239,8,1128,515,1643,STRONG_TRIGGER_PRESSURE_COUPLING
15G,2025-10-27,266,25,38,53,75,6,190,7,1218,412,1630,STRONG_TRIGGER_PRESSURE_COUPLING
15G,2025-11-22,337,48,31,41,60,11,80,5,1402,203,1605,STRONG_TRIGGER_PRESSURE_COUPLING
iPhone11Pro,2025-10-05,371,19,30,36,66,7,53,6,1445,139,1584,MEDIUM_TRIGGER_PRESSURE_COUPLING
iPhone11Pro,2025-12-20,329,23,37,46,42,4,118,5,1320,258,1578,STRONG_TRIGGER_PRESSURE_COUPLING
iPhone11Pro,2025-10-28,351,22,29,40,80,5,55,9,1424,143,1567,MEDIUM_TRIGGER_PRESSURE_COUPLING
iPhone11Pro,2025-11-17,322,36,34,47,91,5,60,6,1416,147,1563,MEDIUM_TRIGGER_PRESSURE_COUPLING
15G,2025-12-28,249,22,28,41,83,4,208,5,1123,438,1561,STRONG_TRIGGER_PRESSURE_COUPLING
15G,2025-11-26,346,20,31,41,53,4,87,7,1359,200,1559,STRONG_TRIGGER_PRESSURE_COUPLING
iPhone11Pro,2025-10-30,351,19,31,42,58,6,57,11,1384,154,1538,MEDIUM_TRIGGER_PRESSURE_COUPLING
iPhone11Pro,2025-11-06,350,21,30,42,71,4,51,8,1408,130,1538,MEDIUM_TRIGGER_PRESSURE_COUPLING
iPhone11Pro,2025-12-23,331,22,30,103,44,5,43,8,1421,117,1538,MEDIUM_TRIGGER_PRESSURE_COUPLING
12G,2025-12-14,346,21,35,43,62,2,55,11,1395,138,1533,MEDIUM_TRIGGER_PRESSURE_COUPLING
15G,2025-12-30,437,15,2,1,21,3,47,10,1391,123,1514,MEDIUM_TRIGGER_PRESSURE_COUPLING
iPhone11Pro,2025-11-22,258,15,34,125,107,7,48,6,1370,129,1499,MEDIUM_TRIGGER_PRESSURE_COUPLING
iPhone11Pro,2025-11-12,326,21,30,38,75,7,61,8,1336,159,1495,MEDIUM_TRIGGER_PRESSURE_COUPLING
mini1,2025-10-15,411,18,1,3,28,7,52,7,1334,139,1473,MEDIUM_TRIGGER_PRESSURE_COUPLING
iPhone11Pro,2025-10-12,405,15,2,3,47,6,41,9,1351,118,1469,MEDIUM_TRIGGER_PRESSURE_COUPLING
iPhone11Pro,2025-11-25,274,19,33,109,78,4,52,9,1333,134,1467,MEDIUM_TRIGGER_PRESSURE_COUPLING
iPhone11Pro,2025-12-26,342,19,34,45,38,4,51,6,1332,126,1458,MEDIUM_TRIGGER_PRESSURE_COUPLING
12G,2025-11-12,8,8,31,325,105,3,212,8,993,449,1442,MEDIUM_TRIGGER_PRESSURE_COUPLING
iPhone11Pro,2025-11-20,232,16,34,145,100,4,45,5,1320,112,1432,MEDIUM_TRIGGER_PRESSURE_COUPLING
iPhone11Pro,2025-11-14,304,22,33,45,72,4,47,7,1289,120,1409,MEDIUM_TRIGGER_PRESSURE_COUPLING
15G,2025-12-02,148,13,34,43,71,7,266,7,800,567,1367,MEDIUM_TRIGGER_PRESSURE_COUPLING
iPhone11Pro,2025-12-22,264,20,31,129,46,4,34,3,1275,86,1361,MEDIUM_TRIGGER_PRESSURE_COUPLING
12G,2025-10-14,3,3,41,87,163,2,348,8,638,718,1356,MEDIUM_TRIGGER_PRESSURE_COUPLING
iPhone11Pro,2025-12-31,315,21,32,40,44,3,38,9,1251,103,1354,MEDIUM_TRIGGER_PRESSURE_COUPLING
iPhone11Pro,2025-11-08,373,14,1,1,36,2,43,9,1224,110,1334,MEDIUM_TRIGGER_PRESSURE_COUPLING
iPhone11Pro,2025-10-08,300,16,28,40,63,4,42,6,1222,108,1330,MEDIUM_TRIGGER_PRESSURE_COUPLING
iPhone11Pro,2025-12-19,290,19,1,88,55,5,40,5,1197,105,1302,MEDIUM_TRIGGER_PRESSURE_COUPLING
15G,2025-11-29,73,11,31,43,82,4,333,3,584,684,1268,MEDIUM_TRIGGER_PRESSURE_COUPLING
12G,2025-12-08,273,25,29,39,39,3,40,7,1112,103,1215,MEDIUM_TRIGGER_PRESSURE_COUPLING
15G,2025-10-06,7,6,3,16,45,2,513,5,164,1042,1206,MEDIUM_TRIGGER_PRESSURE_COUPLING
iPhone11Pro,2025-10-07,321,13,2,2,43,6,46,5,1085,120,1205,MEDIUM_TRIGGER_PRESSURE_COUPLING
15G,2025-11-23,252,20,29,40,49,4,59,6,1061,142,1203,MEDIUM_TRIGGER_PRESSURE_COUPLING
mini1,2025-10-12,305,19,1,1,28,7,62,3,1014,151,1165,MEDIUM_TRIGGER_PRESSURE_COUPLING
15G,2025-10-13,226,23,1,3,31,7,143,3,795,313,1108,MEDIUM_TRIGGER_PRESSURE_COUPLING
15G,2025-10-14,20,17,30,40,91,4,264,3,446,546,992,MEDIUM_TRIGGER_PRESSURE_COUPLING
iPhone11Pro,2025-10-29,163,28,30,42,73,4,52,3,865,122,987,MEDIUM_TRIGGER_PRESSURE_COUPLING
iPhone11Pro,2025-11-18,16,24,29,48,117,13,191,2,513,425,938,MEDIUM_TRIGGER_PRESSURE_COUPLING
15G,2025-11-09,80,15,32,42,53,3,162,4,556,341,897,MEDIUM_TRIGGER_PRESSURE_COUPLING
15G,2025-11-06,6,9,33,46,40,1,253,3,307,515,822,MEDIUM_TRIGGER_PRESSURE_COUPLING
12G,2025-12-09,13,16,34,40,59,3,210,8,371,445,816,MEDIUM_TRIGGER_PRESSURE_COUPLING
12G,2025-10-20,5,14,34,61,90,2,172,7,447,364,811,MEDIUM_TRIGGER_PRESSURE_COUPLING
iPhone11Pro,2025-10-26,11,38,28,39,207,16,35,3,685,124,809,MEDIUM_TRIGGER_PRESSURE_COUPLING
12G,2025-11-15,6,8,32,54,99,3,165,8,436,355,791,MEDIUM_TRIGGER_PRESSURE_COUPLING
15G,2025-10-18,6,9,33,44,78,3,171,6,379,363,742,MEDIUM_TRIGGER_PRESSURE_COUPLING
12G,2025-11-10,7,15,27,240,32,1,24,2,676,55,731,MEDIUM_TRIGGER_PRESSURE_COUPLING
12G,2025-12-30,3,3,27,32,41,2,185,2,242,380,622,MEDIUM_TRIGGER_PRESSURE_COUPLING
12G,2025-12-01,6,16,34,44,40,3,134,7,320,291,611,MEDIUM_TRIGGER_PRESSURE_COUPLING
mini1,2025-10-11,34,46,0,92,19,1,55,0,416,113,529,MEDIUM_TRIGGER_PRESSURE_COUPLING
12G,2025-12-18,8,8,31,36,38,2,112,8,281,246,527,MEDIUM_TRIGGER_PRESSURE_COUPLING
12G,2025-12-02,5,4,31,33,27,3,114,7,236,251,487,MEDIUM_TRIGGER_PRESSURE_COUPLING
15G,2025-10-01,7,18,31,45,42,1,69,5,324,151,475,MEDIUM_TRIGGER_PRESSURE_COUPLING
12G,2025-12-28,4,5,27,36,42,3,100,3,259,215,474,MEDIUM_TRIGGER_PRESSURE_COUPLING
iPhone11Pro,2025-10-24,3,29,30,41,71,3,36,3,381,87,468,MEDIUM_TRIGGER_PRESSURE_COUPLING
12G,2025-12-05,3,4,27,33,29,3,115,2,222,243,465,MEDIUM_TRIGGER_PRESSURE_COUPLING
12G,2025-12-20,6,8,27,38,32,2,100,2,255,210,465,MEDIUM_TRIGGER_PRESSURE_COUPLING
12G,2025-12-27,8,7,31,34,37,2,80,7,273,180,453,MEDIUM_TRIGGER_PRESSURE_COUPLING
12G,2025-12-29,5,5,27,33,38,2,93,3,248,198,446,MEDIUM_TRIGGER_PRESSURE_COUPLING
12G,2025-12-03,4,3,27,33,23,2,108,3,211,228,439,MEDIUM_TRIGGER_PRESSURE_COUPLING
iPhone11Pro,2025-10-02,7,9,32,43,69,3,31,2,359,75,434,MEDIUM_TRIGGER_PRESSURE_COUPLING
iPhone11Pro,2025-10-23,5,8,30,44,60,3,39,3,329,93,422,MEDIUM_TRIGGER_PRESSURE_COUPLING
iPhone11Pro,2025-10-31,6,8,31,41,63,3,34,3,335,83,418,MEDIUM_TRIGGER_PRESSURE_COUPLING
12G,2025-09-29,0,6,0,199,0,0,0,0,410,0,410,PRESSURE_ONLY
iPhone11Pro,2025-11-15,6,5,30,42,65,3,31,3,332,77,409,MEDIUM_TRIGGER_PRESSURE_COUPLING
iPhone11Pro,2025-11-09,3,8,29,35,63,4,41,2,308,98,406,MEDIUM_TRIGGER_PRESSURE_COUPLING
iPhone11Pro,2025-10-10,6,8,27,39,70,3,29,2,333,71,404,MEDIUM_TRIGGER_PRESSURE_COUPLING
12G,2025-12-06,4,4,27,33,24,2,88,3,215,188,403,MEDIUM_TRIGGER_PRESSURE_COUPLING
iPhone11Pro,2025-11-11,4,8,30,44,65,3,27,2,336,67,403,MEDIUM_TRIGGER_PRESSURE_COUPLING
iPhone11Pro,2025-11-03,3,12,32,44,53,2,24,2,323,58,381,MEDIUM_TRIGGER_PRESSURE_COUPLING
12G,2025-10-12,3,8,48,37,30,1,29,7,303,75,378,MEDIUM_TRIGGER_PRESSURE_COUPLING
iPhone11Pro,2025-10-21,4,8,27,39,60,3,28,2,307,69,376,MEDIUM_TRIGGER_PRESSURE_COUPLING
iPhone11Pro,2025-10-11,4,10,27,38,60,2,28,2,309,66,375,MEDIUM_TRIGGER_PRESSURE_COUPLING
iPhone11Pro,2025-11-27,6,8,31,41,56,2,21,2,321,52,373,MEDIUM_TRIGGER_PRESSURE_COUPLING
12G,2025-09-30,0,0,0,184,1,0,1,0,370,2,372,PRESSURE_ONLY
12G,2025-12-04,4,3,27,31,22,2,74,2,205,158,363,MEDIUM_TRIGGER_PRESSURE_COUPLING
iPhone11Pro,2025-11-07,3,8,28,36,55,2,27,1,291,62,353,MEDIUM_TRIGGER_PRESSURE_COUPLING
12G,2025-09-23,0,0,0,176,0,0,0,0,352,0,352,PRESSURE_ONLY
iPhone11Pro,2025-12-02,3,3,37,38,42,3,25,2,286,63,349,MEDIUM_TRIGGER_PRESSURE_COUPLING
12G,2025-12-22,8,15,31,44,27,1,19,1,289,43,332,CAPTURE_OR_BACKUP_PRESERVATION_RISK
iPad,2025-12-08,3,6,33,40,44,2,9,2,288,28,316,CAPTURE_OR_BACKUP_PRESERVATION_RISK
iPhone11Pro,2025-11-04,4,8,30,38,28,1,25,2,250,57,307,MEDIUM_TRIGGER_PRESSURE_COUPLING
12G,2025-09-24,0,0,0,152,0,0,0,0,304,0,304,PRESSURE_ONLY
iPhone11Pro,2025-12-10,2,3,31,36,38,2,20,1,253,48,301,CAPTURE_OR_BACKUP_PRESERVATION_RISK
iPad,2025-12-10,3,3,32,37,33,2,17,2,251,44,295,CAPTURE_OR_BACKUP_PRESERVATION_RISK
iPad,2025-12-19,2,3,27,37,48,4,8,2,263,32,295,CAPTURE_OR_BACKUP_PRESERVATION_RISK
iPhone11Pro,2025-12-09,4,3,31,38,33,2,17,1,253,42,295,CAPTURE_OR_BACKUP_PRESERVATION_RISK
iPhone11Pro,2025-12-07,4,5,35,41,26,1,13,2,261,33,294,CAPTURE_OR_BACKUP_PRESERVATION_RISK
iPad,2025-12-01,3,4,34,39,30,1,9,2,257,25,282,CAPTURE_OR_BACKUP_PRESERVATION_RISK
iPad,2025-12-28,2,3,27,32,44,3,8,1,245,27,272,CAPTURE_OR_BACKUP_PRESERVATION_RISK
iPad,2025-12-16,3,3,27,41,30,4,9,1,238,32,270,CAPTURE_OR_BACKUP_PRESERVATION_RISK
iPhone11Pro,2025-12-11,5,3,31,38,25,1,9,2,240,25,265,CAPTURE_OR_BACKUP_PRESERVATION_RISK
12G,2025-09-27,0,0,0,132,0,0,0,0,264,0,264,PRESSURE_ONLY
iPad,2025-12-15,4,8,27,35,32,1,8,1,243,21,264,CAPTURE_OR_BACKUP_PRESERVATION_RISK
iPad,2025-12-31,2,3,35,38,22,1,9,1,237,23,260,CAPTURE_OR_BACKUP_PRESERVATION_RISK
iPad,2025-11-29,2,6,35,40,16,0,9,1,235,20,255,CAPTURE_OR_BACKUP_PRESERVATION_RISK
iPhone11Pro,2025-12-03,4,3,27,34,22,1,17,2,211,41,252,CAPTURE_OR_BACKUP_PRESERVATION_RISK
iPad,2025-12-04,3,3,31,37,24,0,9,1,230,20,250,CAPTURE_OR_BACKUP_PRESERVATION_RISK
iPad,2025-12-11,3,3,32,35,23,1,10,0,227,23,250,CAPTURE_OR_BACKUP_PRESERVATION_RISK
12G,2025-09-25,0,0,0,124,0,0,0,0,248,0,248,PRESSURE_ONLY
iPad,2025-12-09,3,3,31,35,24,0,9,2,226,22,248,CAPTURE_OR_BACKUP_PRESERVATION_RISK
iPad,2025-12-30,2,3,27,33,33,1,9,0,225,21,246,CAPTURE_OR_BACKUP_PRESERVATION_RISK
iPad,2025-12-02,3,3,33,37,17,0,9,2,222,22,244,CAPTURE_OR_BACKUP_PRESERVATION_RISK
iPad,2025-12-18,3,3,27,31,30,1,9,2,218,25,243,CAPTURE_OR_BACKUP_PRESERVATION_RISK
iPad,2025-12-25,3,3,27,31,29,1,9,2,216,25,241,CAPTURE_OR_BACKUP_PRESERVATION_RISK
iPad,2025-12-20,3,6,28,34,22,1,10,0,217,23,240,CAPTURE_OR_BACKUP_PRESERVATION_RISK
iPhone11Pro,2025-12-04,2,3,27,34,19,0,13,2,199,30,229,CAPTURE_OR_BACKUP_PRESERVATION_RISK
iPad,2025-12-03,3,3,31,35,13,0,9,2,204,22,226,CAPTURE_OR_BACKUP_PRESERVATION_RISK
iPad,2025-12-29,3,3,27,32,19,1,9,1,198,23,221,CAPTURE_OR_BACKUP_PRESERVATION_RISK
iPad,2025-12-17,2,6,27,32,18,1,8,0,199,19,218,CAPTURE_OR_BACKUP_PRESERVATION_RISK
iPad,2025-12-12,2,3,31,32,14,1,8,0,197,19,216,CAPTURE_OR_BACKUP_PRESERVATION_RISK
iPad,2025-12-26,2,3,27,28,19,1,8,0,187,19,206,CAPTURE_OR_BACKUP_PRESERVATION_RISK
iPad,2025-12-21,2,4,27,29,14,1,8,0,181,19,200,CAPTURE_OR_BACKUP_PRESERVATION_RISK
iPad,2025-12-23,2,3,27,28,16,1,8,0,181,19,200,CAPTURE_OR_BACKUP_PRESERVATION_RISK
iPad,2025-12-27,2,3,27,28,14,1,8,0,177,19,196,CAPTURE_OR_BACKUP_PRESERVATION_RISK
iPad,2025-12-22,2,5,27,30,9,0,8,1,175,18,193,CAPTURE_OR_BACKUP_PRESERVATION_RISK
iPhone11Pro,2025-10-19,2,3,0,10,46,2,28,0,124,62,186,MEDIUM_TRIGGER_PRESSURE_COUPLING
iPad,2025-12-24,2,3,27,28,7,0,8,0,163,16,179,CAPTURE_OR_BACKUP_PRESERVATION_RISK
iPhone11Pro,2025-12-08,2,8,0,13,50,1,3,2,148,13,161,PRESSURE_ONLY
12G,2025-09-26,0,0,0,72,0,0,0,0,144,0,144,PRESSURE_ONLY
12G,2025-09-21,0,0,0,52,0,0,0,0,104,0,104,PRESSURE_ONLY
iPad,2025-11-30,1,1,2,10,31,0,0,2,93,4,97,CAPTURE_OR_BACKUP_PRESERVATION_RISK
iPad,2025-12-07,0,1,2,7,19,1,1,1,60,7,67,CAPTURE_OR_BACKUP_PRESERVATION_RISK
15G,2025-09-29,0,6,0,3,2,0,2,0,22,4,26,PRESSURE_ONLY
12G,2025-09-28,0,0,0,12,0,0,0,0,24,0,24,PRESSURE_ONLY
iPhone11Pro,2025-09-29,0,6,0,3,0,0,0,0,18,0,18,PRESSURE_ONLY
iPhone11Pro,2025-10-17,0,6,0,3,0,0,0,0,18,0,18,PRESSURE_ONLY
mini1,2025-09-30,0,4,0,0,4,0,0,0,16,0,16,PRESSURE_ONLY
iPad,2025-12-05,0,0,0,1,4,0,0,0,10,0,10,PRESSURE_ONLY
iPad,2025-12-06,0,0,0,1,4,0,0,0,10,0,10,PRESSURE_ONLY
15G,2025-09-30,0,0,0,0,2,0,2,0,4,4,8,PRESSURE_ONLY
iPad,2025-09-30,0,2,0,2,0,0,0,0,8,0,8,PRESSURE_ONLY
iPhone11Pro,2025-09-30,0,0,0,0,2,0,2,0,4,4,8,PRESSURE_ONLY
mini1,2010-09-20,0,0,0,2,2,0,0,0,8,0,8,PRESSURE_ONLY
iPhone11Pro,2025-12-05,0,0,0,1,2,0,0,0,6,0,6,PRESSURE_ONLY
iPhone11Pro,2025-12-06,0,0,0,1,2,0,0,0,6,0,6,PRESSURE_ONLY
15G,2025-09-28,0,0,0,0,0,1,1,0,0,5,5,TRIGGER_ONLY
mini1,2025-09-29,0,0,0,0,1,0,1,0,2,2,4,PRESSURE_ONLY
iPad,2025-06-25,0,0,0,0,0,0,1,0,0,2,2,TRIGGER_ONLY
iPad,2025-07-12,0,0,0,0,0,0,1,0,0,2,2,TRIGGER_ONLY
